ID,Species,Clade,Habitat,Drying.time,RWC,Desiccated.Weight.g,Tissue.Wet.Weight.g,Water.Lost.g,Dry.Weight.g,Treatment,Breaking.Force,Extensibility,Strength,Modulus,Cross.sectional.area,Thickness_mm,Width,Force_per_width,,,
85,Agarum,Agaraceae,Subtidal,86,35.48664944,0.603,1.352,0.749,0.191,Desiccation.profile,7.93394,0.257590542,7.702854369,21.427,1.03E-06,0.25,4.12,1.925713592,,,
86,Agarum,Agaraceae,Subtidal,120,3.121248499,0.236,1.043,0.807,0.149,Desiccation.profile,13.80041,0.124448762,19.81109676,157.28,6.97E-07,0.18,3.87,3.563950933,,,
90,Agarum,Agaraceae,Subtidal,61,59.16489738,1.056,1.633,0.577,0.22,Desiccation.profile,11.38447,0.318030826,3.650506638,7.1396,3.12E-06,0.62,5.03,2.262298526,,,
91,Agarum,Agaraceae,Subtidal,3,100,1.519,1.519,0,0.201,Desiccation.profile,5.26744,0.332736,1.142661287,6.6069,4.61E-06,0.78,5.91,0.891237137,,,
94,Agarum,Agaraceae,Subtidal,44,58.00575264,0.774,1.212,0.438,0.169,Desiccation.profile,8.92498,0.413946182,4.438521981,4.4852,2.01E-06,0.44,4.57,1.953726965,,,
95,Agarum,Agaraceae,Subtidal,147,6.976744186,0.221,1.101,0.88,0.155,Desiccation.profile,20.36682,0.145017137,34.28757576,800.58,5.94E-07,0.15,3.96,5.143136364,,,
105,Agarum,Agaraceae,Subtidal,30,73.08048104,0.961,1.252,0.291,0.171,Desiccation.profile,7.59098,0.384538391,2.881374075,5.4187,2.63E-06,0.55,4.78,1.5874673,,,
106,Agarum,Agaraceae,Subtidal,15,79.90255786,0.797,0.962,0.165,0.141,Desiccation.profile,8.48229,0.43392807,3.212988636,4.7003,2.64E-06,0.55,4.8,1.76714375,,,
Agarum17,Agarum,Agaraceae,Subtidal,,0,,,,,Dry,54.74393,0.020809781,97.28795095,5000.3,5.63E-07,0.17,3.31,16.53013872,,,
Agarum18,Agarum,Agaraceae,Subtidal,,0,,,,,Dry,52.85398,0.0229448,128.4110301,3783.5,4.12E-07,0.14,2.94,17.96009029,,,
Agarum19,Agarum,Agaraceae,Subtidal,,0,,,,,Dry,52.41575,0.023668139,212.0378236,9083.1,2.47E-07,0.08,3.09,16.97676113,,,
Agarum20,Agarum,Agaraceae,Subtidal,,0,,,,,Dry,56.94656,0.021533386,128.7218807,5109.5,4.42E-07,0.14,3.16,18.03737195,,,
Agarum21,Agarum,Agaraceae,Subtidal,,0,,,,,Dry,46.70314,0.022900319,108.5362305,4019.6,4.30E-07,0.13,3.31,14.11955395,,,
Agarum22,Agarum,Agaraceae,Subtidal,,0,,,,,Dry,53.98751,0.020446167,110.4039059,6195.6,4.89E-07,0.15,3.26,16.56058589,,,
Agarum23,Agarum,Agaraceae,Subtidal,,0,,,,,Dry,59.10623,0.018384686,85.16747839,3311.2,6.94E-07,0.2,3.47,17.03349568,,,
Agarum24,Agarum,Agaraceae,Subtidal,,0,,,,,Dry,53.11737,0.022528885,103.240758,4225.8,5.15E-07,0.15,3.43,15.47107864,,,
Agarum9,Agarum,Agaraceae,Subtidal,,75,,,,,Partial,2.15799,0.16963116,0.891399893,4.5024,2.42E-06,0.43,5.63,0.383444504,,,
Agarum10,Agarum,Agaraceae,Subtidal,,75,,,,,Partial,5.88227,0.434263047,2.188344494,3.9419,2.69E-06,0.56,4.8,1.224561784,,,
Agarum11,Agarum,Agaraceae,Subtidal,,75,,,,,Partial,8.4248,0.338529902,3.010254761,9.6521,2.80E-06,0.57,4.91,1.715048571,,,
Agarum12,Agarum,Agaraceae,Subtidal,,75,,,,,Partial,2.65984,0.19092289,1.138727631,2.9096,2.34E-06,0.51,4.59,0.579708718,,,
Agarum13,Agarum,Agaraceae,Subtidal,,75,,,,,Partial,0.40165,0.197362575,0.637135152,1.9851,6.30E-07,0.16,3.94,0.102006349,,,
Agarum14,Agarum,Agaraceae,Subtidal,,75,,,,,Partial,7.86645,0.329647533,3.394076024,10.295,2.32E-06,0.49,4.73,1.661448491,,,
Agarum15,Agarum,Agaraceae,Subtidal,,75,,,,,Partial,5.90659,0.353887195,1.443554024,3.0674,4.09E-06,0.69,5.93,0.996466284,,,
Agarum16,Agarum,Agaraceae,Subtidal,,75,,,,,Partial,1.50074,0.203992526,1.23183124,2.215,1.22E-06,0.31,3.94,0.381335574,,,
Agarum1,Agarum,Agaraceae,Subtidal,,100,,,,,Wet,12.88427,0.292117455,2.022965929,18.16,6.37E-06,1.1,5.79,2.224913187,,,
Agarum2,Agarum,Agaraceae,Subtidal,,100,,,,,Wet,12.39348,0.341840182,2.623458437,18.737,4.72E-06,0.87,5.43,2.284391441,,,
Agarum3,Agarum,Agaraceae,Subtidal,,100,,,,,Wet,12.96177,0.370308909,2.837266877,21.676,4.57E-06,0.94,4.86,2.666097112,,,
Agarum4,Agarum,Agaraceae,Subtidal,,100,,,,,Wet,14.67954,0.423647636,3.308438134,20.178,4.44E-06,0.87,5.1,2.876396351,,,
Agarum5,Agarum,Agaraceae,Subtidal,,100,,,,,Wet,12.67782,0.368490364,3.181225534,23.719,3.99E-06,0.81,4.93,2.573692782,,,
Agarum6,Agarum,Agaraceae,Subtidal,,100,,,,,Wet,11.83822,0.399404364,2.460656828,12.485,4.81E-06,0.85,5.66,2.091993139,,,
Agarum7,Agarum,Agaraceae,Subtidal,,100,,,,,Wet,8.94463,0.242424545,2.569114775,21.161,3.48E-06,0.64,5.44,1.644989425,,,
Agarum8,Agarum,Agaraceae,Subtidal,,100,,,,,Wet,8.511,0.246067273,2.666353383,28.426,3.19E-06,0.57,5.6,1.520774295,,,
13,Alaria,Alariaceae,Intertidal,16,96.30066903,2.827,2.921,0.094,0.38,Desiccation.profile,31.21617,0.508498,3.149998486,14.128,9.91E-06,2.31,4.29,7.276423078,,,
14,Alaria,Alariaceae,Intertidal,32,92.17160548,2.445,2.622,0.177,0.361,Desiccation.profile,14.98268,0.44794122,3.552081555,8.5228,4.22E-06,1.85,2.28,6.568236493,,,
15,Alaria,Alariaceae,Intertidal,45,89.42042318,2.291,2.521,0.23,0.347,Desiccation.profile,26.00807,0.472734727,3.393847298,6.2849,7.66E-06,1.97,3.89,6.688759517,,,
59,Alaria,Alariaceae,Intertidal,164,72.39675256,2.469,3.251,0.782,0.418,Desiccation.profile,31.22301,0.445875547,11.1447066,8.0298,2.80E-06,1.36,2.06,15.165462,,,
69,Alaria,Alariaceae,Intertidal,194,71.33833399,2.162,2.888,0.726,0.355,Desiccation.profile,33.38214,0.59363633,7.272797386,2.2336,4.59E-06,1.5,3.06,10.90919608,,,
79,Alaria,Alariaceae,Intertidal,143,77.7962578,2.165,2.699,0.534,0.294,Desiccation.profile,28.32615,0.536375273,3.752802067,3.8723,7.55E-06,2.04,3.7,7.653688212,,,
89,Alaria,Alariaceae,Intertidal,210,67.32157177,2.053,2.868,0.815,0.374,Desiccation.profile,33.90559,0.624836454,7.250981608,2.8737,4.68E-06,1.4,3.34,10.14269786,,,
99,Alaria,Alariaceae,Intertidal,0,100,2.048,2.048,0,0.251,Desiccation.profile,19.45972,0.520606364,2.217631909,11.592,8.78E-06,2.34,3.75,5.186303508,,,
109,Alaria,Alariaceae,Intertidal,69,88.20415879,2.692,3.004,0.312,0.359,Desiccation.profile,28.15067,0.446054909,3.693150451,4.3111,7.62E-06,0.85,8.96,3.140166601,,,
211,Alaria,Alariaceae,Intertidal,110,80.15952144,1.907,2.305,0.398,0.299,Desiccation.profile,28.58164,0.375761273,4.327404312,7.4902,6.60E-06,1.72,3.84,7.448548606,,,
25,Alaria,Alariaceae,Intertidal,,75,,,,,Partial,37.38395,0.346680545,3.740639384,10.957,9.99E-06,1.9,5.26,7.110060561,,,
26,Alaria,Alariaceae,Intertidal,,75,,,,,Partial,22.10715,0.486679273,3.914155453,7.1088,5.65E-06,1.6,3.53,6.260431858,,,
27,Alaria,Alariaceae,Intertidal,,75,,,,,Partial,28.97804,0.356973455,3.944200354,9.0096,7.35E-06,1.86,3.95,7.333218286,,,
28,Alaria,Alariaceae,Intertidal,,75,,,,,Partial,22.6114,0.439999273,4.547290096,8.2033,4.97E-06,1.53,3.25,6.960853521,,,
29,Alaria,Alariaceae,Intertidal,,75,,,,,Partial,22.67411,0.355157818,4.093982016,8.4794,5.54E-06,1.72,3.22,7.039615379,,,
30,Alaria,Alariaceae,Intertidal,,75,,,,,Partial,37.87958,0.38606,3.720468698,12.645,1.02E-05,2.13,4.79,7.910147588,,,
31,Alaria,Alariaceae,Intertidal,,75,,,,,Partial,29.18689,0.332742,3.607327895,11.499,8.09E-06,1.74,4.65,6.277526403,,,
32,Alaria,Alariaceae,Intertidal,,75,,,,,Partial,25.15643,0.34061,3.761427931,10.48,6.69E-06,1.9,3.52,7.144576532,,,
Alaria1,Alaria,Alariaceae,Intertidal,,100,,,,,Wet,15.53107,0.498181455,2.604267485,23.218,5.96E-06,1.93,3.09,5.02935656,,,
Alaria2,Alaria,Alariaceae,Intertidal,,100,,,,,Wet,36.88458,0.422441273,2.974083212,26.235,1.24E-05,2.65,4.68,7.882591694,,,
Alaria3,Alaria,Alariaceae,Intertidal,,100,,,,,Wet,47.26843,0.394549273,2.837411009,20.549,1.67E-05,2.7,6.19,7.642201257,,,
Alaria4,Alaria,Alariaceae,Intertidal,,100,,,,,Wet,20.00824,0.575160364,2.806992144,16.26,7.13E-06,1.8,3.96,5.051168583,,,
Alaria5,Alaria,Alariaceae,Intertidal,,100,,,,,Wet,25.68791,0.429700364,2.632497438,18.341,9.76E-06,2.05,4.76,5.395513883,,,
Alaria6,Alaria,Alariaceae,Intertidal,,100,,,,,Wet,25.9593,0.547286,3.159334039,24.658,8.22E-06,1.83,4.49,5.779260219,,,
Alaria7,Alaria,Alariaceae,Intertidal,,100,,,,,Wet,31.51049,0.485455091,2.821245411,24.442,1.12E-05,2.55,4.39,7.174263348,,,
Alaria8,Alaria,Alariaceae,Intertidal,,100,,,,,Wet,39.81387,0.490316182,3.171383851,23.315,1.26E-05,2.61,4.83,8.247158786,,,
Arabidopsis,Arabidopsis,Embryophyta,Terrestrial,,wood,,,,,,,,10.2,450,0,,,,,,
Ash,Ash,Embryophyta,Terrestrial,,wood,,,,,,,,14.82,10340,0,,,,,,
Calophyllum inophyllum,Calophyllum inophyllum,Embryophyta,Terrestrial,,leaf,,,,,,,,6,185,0,,,,,,
52,Chondrocanthus,Gigartinaceae,Subtidal,145,19.36170213,0.149,0.528,0.379,0.058,Desiccation.profile,3.76672,0.797925417,0.39322685,0.1115,2.79E-07,0.09,3.1,1.215070968,,,
62,Chondrocanthus,Gigartinaceae,Subtidal,188,14.0776699,0.166,0.697,0.531,0.079,Desiccation.profile,2.14984,0.436008929,3.187309118,16.487,6.75E-07,0.19,3.55,0.605140148,,,
72,Chondrocanthus,Gigartinaceae,Subtidal,129,31.91489362,0.273,0.689,0.416,0.078,Desiccation.profile,2.31415,0.750857764,5.716773715,2.521,4.05E-07,0.11,3.68,0.628534568,,,
82,Chondrocanthus,Gigartinaceae,Subtidal,200,17.17495987,0.191,0.707,0.516,0.084,Desiccation.profile,2.81844,0.61522,6.990178571,8.9278,4.03E-07,0.12,3.36,0.839237717,,,
92,Chondrocanthus,Gigartinaceae,Subtidal,0,100,0.61,0.61,0,0.066,Desiccation.profile,2.13228,0.469094727,1.292290909,0.7761,1.65E-06,0.3,5.5,0.387687273,,,
102,Chondrocanthus,Gigartinaceae,Subtidal,59,60.13071895,0.333,0.516,0.183,0.057,Desiccation.profile,1.91893,0.578632863,2.757875826,1.0029,6.96E-07,0.14,4.97,0.385991667,,,
112,Chondrocanthus,Gigartinaceae,Subtidal,18,85.12110727,0.566,0.652,0.086,0.074,Desiccation.profile,1.91808,0.494767255,1.48,0.8715,0.000001296,0.49,2.64,0.7252,,,
114,Chondrocanthus,Gigartinaceae,Subtidal,34,76.24784854,0.515,0.653,0.138,0.072,Desiccation.profile,1.61222,0.484554826,1.106685887,0.53,1.46E-06,0.35,4.17,0.386491096,,,
116,Chondrocanthus,Gigartinaceae,Subtidal,43,68.06722689,0.384,0.536,0.152,0.06,Desiccation.profile,2.3675,0.499393818,2.522105039,1.1775,9.39E-07,0.21,4.47,0.529472843,,,
251,Chondrocanthus,Gigartinaceae,Subtidal,101,32.22996516,0.256,0.645,0.389,0.071,Desiccation.profile,1.61708,0.649601951,2.15467022,2.3489,7.51E-07,0.19,3.95,0.40911478,,,
Chondrocanthus17,Chondrocanthus,Gigartinaceae,Subtidal,,0,,,,,Dry,9.67949,0.045382689,30.34322884,2050.8,3.19E-07,3.19,0.1,96.7949,,,
Chondrocanthus18,Chondrocanthus,Gigartinaceae,Subtidal,,0,,,,,Dry,5.99328,0.015526645,17.02636364,1586.9,3.52E-07,3.52,0.1,59.9328,,,
Chondrocanthus19,Chondrocanthus,Gigartinaceae,Subtidal,,0,,,,,Dry,9.30562,0.062424399,39.16506734,1623.8,2.38E-07,3.96,0.06,154.833005,,,
Chondrocanthus20,Chondrocanthus,Gigartinaceae,Subtidal,,0,,,,,Dry,3.09879,0.017252586,7.921242331,502.55,3.91E-07,3.26,0.12,25.83645882,,,
Chondrocanthus21,Chondrocanthus,Gigartinaceae,Subtidal,,0,,,,,Dry,12.45545,0.079196317,26.6142094,1118,4.68E-07,3.12,0.15,83.03633333,,,
Chondrocanthus22,Chondrocanthus,Gigartinaceae,Subtidal,,0,,,,,Dry,11.01534,0.091600348,38.24770833,2451.9,2.88E-07,3.2,0.09,122.3926667,,,
Chondrocanthus23,Chondrocanthus,Gigartinaceae,Subtidal,,0,,,,,Dry,10.38772,0.066791319,24.97048077,1481.7,4.16E-07,2.6,0.16,64.92325,,,
Chondrocanthus24,Chondrocanthus,Gigartinaceae,Subtidal,,0,,,,,Dry,11.41038,0.055655478,38.4965587,1643.9,2.96E-07,2.47,0.12,95.21499527,,,
Chondrocanthus9,Chondrocanthus,Gigartinaceae,Subtidal,,75,,,,,Partial,1.06479,0.446797051,0.575842302,0.6979,1.85E-06,0.41,4.51,0.235980486,,,
Chondrocanthus10,Chondrocanthus,Gigartinaceae,Subtidal,,75,,,,,Partial,0.38604,0.116519757,0.510162548,4.17,7.57E-07,0.23,3.29,0.117290885,,,
Chondrocanthus11,Chondrocanthus,Gigartinaceae,Subtidal,,75,,,,,Partial,1.10126,0.270395137,0.855081916,2.3358,1.29E-06,0.27,4.78,0.230496279,,,
Chondrocanthus12,Chondrocanthus,Gigartinaceae,Subtidal,,75,,,,,Partial,0.72715,0.520028185,0.81091781,1.1396,8.97E-07,0.21,4.27,0.170235786,,,
Chondrocanthus13,Chondrocanthus,Gigartinaceae,Subtidal,,75,,,,,Partial,0.98836,0.301077061,0.724816662,1.0846,1.36E-06,0.28,4.86,0.203485882,,,
Chondrocanthus14,Chondrocanthus,Gigartinaceae,Subtidal,,75,,,,,Partial,1.76181,0.32145212,0.708578668,0.739,2.49E-06,0.48,5.19,0.339626024,,,
Chondrocanthus15,Chondrocanthus,Gigartinaceae,Subtidal,,75,,,,,Partial,1.04084,0.318465442,1.011506317,1.5107,1.03E-06,0.21,4.9,0.212210097,,,
Chondrocanthus16,Chondrocanthus,Gigartinaceae,Subtidal,,75,,,,,Partial,1.06529,0.316203905,0.803567926,1.4538,1.33E-06,0.27,4.93,0.21626188,,,
Chondrocanthus1,Chondrocanthus,Gigartinaceae,Subtidal,,100,,,,,Wet,2.66058,0.443038909,2.035950413,2.8927,1.31E-06,0.27,4.85,0.548363817,,,
Chondrocanthus2,Chondrocanthus,Gigartinaceae,Subtidal,,100,,,,,Wet,2.83956,0.425463273,1.992953397,2.3013,1.42E-06,0.26,5.46,0.519919437,,,
Chondrocanthus3,Chondrocanthus,Gigartinaceae,Subtidal,,100,,,,,Wet,2.72995,0.297576,1.208423709,2.3324,2.26E-06,0.41,5.51,0.495256416,,,
Chondrocanthus4,Chondrocanthus,Gigartinaceae,Subtidal,,100,,,,,Wet,2.08173,0.272732364,1.383117401,3.4482,1.51E-06,0.29,5.21,0.39980245,,,
Chondrocanthus5,Chondrocanthus,Gigartinaceae,Subtidal,,100,,,,,Wet,3.05147,0.418786727,1.892971464,2.3528,1.61E-06,0.31,5.19,0.587550124,,,
Chondrocanthus6,Chondrocanthus,Gigartinaceae,Subtidal,,100,,,,,Wet,2.15017,0.299409091,1.241079365,3.1378,1.73E-06,0.33,5.24,0.410148035,,,
Chondrocanthus7,Chondrocanthus,Gigartinaceae,Subtidal,,100,,,,,Wet,3.25509,0.416379818,1.502811634,1.7379,2.17E-06,0.38,5.71,0.57001576,,,
Chondrocanthus8,Chondrocanthus,Gigartinaceae,Subtidal,,100,,,,,Wet,2.09914,0.376358545,1.536818215,1.5497,1.37E-06,0.29,4.72,0.444343504,,,
1,Costaria,Agaraceae,Intertidal,29,81.62393162,0.645,0.774,0.129,0.072,Desiccation.profile,5.96077,0.4091,1.436468575,1.2362,4.15E-06,0.84,4.94,1.206517301,,,
2,Costaria,Agaraceae,Intertidal,41,80.31496063,0.927,1.127,0.2,0.111,Desiccation.profile,1.10455,0.261221273,0.363530147,0.7543,3.04E-06,0.72,4.22,0.261603947,,,
54,Costaria,Agaraceae,Intertidal,154,27.63419483,0.199,0.563,0.364,0.06,Desiccation.profile,2.35675,0.52833225,11.69602978,15.254,2.02E-07,0.13,1.55,1.516720297,,,
64,Costaria,Agaraceae,Intertidal,192,21.886121,0.175,0.614,0.439,0.052,Desiccation.profile,0.57433,0.074166733,1.992817488,20.789,2.88E-07,0.11,2.62,0.219362153,,,
74,Costaria,Agaraceae,Intertidal,133,59.0855803,0.58,0.929,0.349,0.076,Desiccation.profile,5.19916,0.398798182,2.191426765,1.3266,2.37E-06,0.73,3.25,1.60142903,,,
84,Costaria,Agaraceae,Intertidal,202,24.36115843,0.207,0.651,0.444,0.064,Desiccation.profile,2.5575,0.260301195,3.866213152,9.3475,6.62E-07,0.21,3.15,0.811291541,,,
94,Costaria,Agaraceae,Intertidal,0,100,0.886,0.886,0,0.076,Desiccation.profile,3.51594,0.215153273,1.0245476,6.8488,3.43E-06,0.93,3.69,0.953301516,,,
104,Costaria,Agaraceae,Intertidal,61,78.44551282,1.122,1.391,0.269,0.143,Desiccation.profile,6.6574,0.626062909,2.547409505,1.1822,2.61E-06,0.73,3.58,1.862031418,,,
120,Costaria,Agaraceae,Intertidal,16,93.28419328,1.248,1.33,0.082,0.109,Desiccation.profile,6.11517,0.514928545,1.195536657,3.6156,5.12E-06,1.1,4.65,1.313806055,,,
217,Costaria,Agaraceae,Intertidal,103,61.63301141,0.822,1.259,0.437,0.12,Desiccation.profile,4.40026,0.508601649,1.760808323,1.5672,2.50E-06,0.7,3.57,1.2320728,,,
Costaria9,Costaria,Agaraceae,Intertidal,,75,,,,,Partial,3.35767,0.152133636,0.756453466,6.4652,4.44E-06,1.19,3.73,0.899916059,,,
Costaria10,Costaria,Agaraceae,Intertidal,,75,,,,,Partial,5.60084,0.310314,1.119988802,6.2824,5.00E-06,0.94,5.32,1.05295792,,,
Costaria11,Costaria,Agaraceae,Intertidal,,75,,,,,Partial,4.8839,0.275763091,0.886048621,5.7211,5.51E-06,1.04,5.3,0.921825045,,,
Costaria12,Costaria,Agaraceae,Intertidal,,75,,,,,Partial,5.38279,0.329699273,1.358055808,4.319,3.96E-06,1.08,3.67,1.468033636,,,
Costaria13,Costaria,Agaraceae,Intertidal,,75,,,,,Partial,6.67039,0.385474545,1.506819825,4.5697,4.43E-06,0.93,4.76,1.400330181,,,
Costaria14,Costaria,Agaraceae,Intertidal,,75,,,,,Partial,4.44936,0.352742182,1.168731284,3.6299,3.81E-06,0.81,4.7,0.945926929,,,
Costaria15,Costaria,Agaraceae,Intertidal,,75,,,,,Partial,9.92901,0.454555818,1.767986111,5.083,5.62E-06,1.17,4.8,2.067071477,,,
Costaria16,Costaria,Agaraceae,Intertidal,,75,,,,,Partial,3.7761,0.191516182,0.831593552,5.9853,4.54E-06,0.96,4.73,0.798470485,,,
Costaria1,Costaria,Agaraceae,Intertidal,,100,,,,,Wet,3.96408,0.267279818,0.735014463,5.2206,5.39E-06,0.97,5.56,0.71338731,,,
Costaria2,Costaria,Agaraceae,Intertidal,,100,,,,,Wet,1.79313,0.193346364,0.876407625,5.5684,2.05E-06,0.44,4.66,0.384866927,,,
Costaria3,Costaria,Agaraceae,Intertidal,,100,,,,,Wet,3.71935,0.288486545,0.802085355,6.9063,4.64E-06,0.87,5.33,0.697378125,,,
Costaria4,Costaria,Agaraceae,Intertidal,,100,,,,,Wet,6.47544,0.456980545,1.243602842,8.5913,5.21E-06,1.27,4.1,1.57846618,,,
Costaria5,Costaria,Agaraceae,Intertidal,,100,,,,,Wet,6.22722,0.244248909,1.049962063,11.399,5.93E-06,1.27,4.67,1.333654199,,,
Costaria6,Costaria,Agaraceae,Intertidal,,100,,,,,Wet,5.44598,0.209700909,0.902653606,11.446,6.03E-06,1.19,5.07,1.074745638,,,
Costaria7,Costaria,Agaraceae,Intertidal,,100,,,,,Wet,6.5895,0.266070545,0.946196261,7.3029,6.96E-06,1.46,4.77,1.382280172,,,
Costaria8,Costaria,Agaraceae,Intertidal,,100,,,,,Wet,6.42355,0.312132545,1.129316104,11.165,5.69E-06,1.44,3.95,1.625643585,,,
Date palm leaves,Date palm leaves,Embryophyta,Terrestrial,,leaf,,,,,,,,210,5200,0,,,,,,
Dracaena marginata,Dracaena marginata,Embryophyta,Terrestrial,,wood,,,,,,,,55.04,2768,0,,,,,,
Eragrostis,Eragrostis,Embryophyta,Terrestrial,,leaf,,,,,,,,23.73,1051.5,0,,,,,,
261,Fucus,Fucales,Intertidal,173,35.25798526,0.5,1.027,0.527,0.213,Desiccation.profile,6.75882,0.291783141,3.88437931,13.47,1.74E-06,0.5,3.48,1.942189655,,,
262,Fucus,Fucales,Intertidal,148,39.73509934,0.491,0.946,0.455,0.191,Desiccation.profile,5.1702,0.321882801,8.301541426,17.589,6.23E-07,0.18,3.46,1.493797753,,,
263,Fucus,Fucales,Intertidal,117,40.25787966,0.528,0.945,0.417,0.247,Desiccation.profile,9.05262,0.310255446,3.657624242,18.494,2.48E-06,0.66,3.76,2.409165,,,
264,Fucus,Fucales,Intertidal,89,48.61878453,0.619,0.991,0.372,0.267,Desiccation.profile,6.61647,0.243027689,2.884879006,17.973,2.29E-06,0.55,4.16,1.589108515,,,
265,Fucus,Fucales,Intertidal,53,63.94779772,0.6,0.821,0.221,0.208,Desiccation.profile,3.33931,0.244197079,0.74494936,3.4863,4.48E-06,0.93,4.82,0.693204978,,,
266,Fucus,Fucales,Intertidal,0,100,0.902,0.902,0,0.195,Desiccation.profile,2.31571,0.143044182,0.647388873,5.532,3.58E-06,0.7,5.11,0.452792458,,,
287,Fucus,Fucales,Intertidal,11,92.98245614,0.995,1.051,0.056,0.253,Desiccation.profile,8.14609,0.314481887,2.167954757,6.3277,3.76E-06,0.75,5.01,1.624884973,,,
288,Fucus,Fucales,Intertidal,24,86.34020619,0.908,1.014,0.106,0.238,Desiccation.profile,4.68055,0.283663922,1.217181568,2.9428,3.85E-06,0.78,4.94,0.948267273,,,
Fucus17,Fucus,Fucales,Intertidal,,0,,,,,Dry,23.73897,0.027430841,53.82986395,2580,4.41E-07,0.15,2.94,8.074479592,,,
Fucus18,Fucus,Fucales,Intertidal,,0,,,,,Dry,46.24401,0.021719926,33.30741141,1865.8,1.39E-06,0.39,3.56,12.97493806,,,
Fucus19,Fucus,Fucales,Intertidal,,0,,,,,Dry,43.56512,0.025069737,36.67097643,1408.1,1.19E-06,0.33,3.61,12.0810837,,,
Fucus20,Fucus,Fucales,Intertidal,,0,,,,,Dry,30.4708,0.021882624,41.74082192,2314.4,7.30E-07,0.25,2.92,10.43520548,,,
Fucus21,Fucus,Fucales,Intertidal,,0,,,,,Dry,21.80368,0.020126552,39.65026368,2489.5,5.50E-07,0.13,4.23,5.153597091,,,
Fucus22,Fucus,Fucales,Intertidal,,0,,,,,Dry,33.28062,0.018373322,36.61234323,2978.7,9.09E-07,0.3,3.03,10.98370297,,,
Fucus23,Fucus,Fucales,Intertidal,,0,,,,,Dry,54.49532,0.02825175,39.85323973,2020,1.37E-06,0.43,3.19,17.10437051,,,
Fucus24,Fucus,Fucales,Intertidal,,0,,,,,Dry,41.8928,0.027833391,35.09785523,2296.5,1.19E-06,0.32,3.72,11.26529076,,,
Fucus9,Fucus,Fucales,Intertidal,,75,,,,,Partial,7.16251,0.433781235,2.152067183,2.6324,3.33E-06,0.86,3.87,1.849777357,,,
Fucus10,Fucus,Fucales,Intertidal,,75,,,,,Partial,19.67484,0.481393617,4.350915524,6.009,4.52E-06,1.19,3.8,5.179880442,,,
Fucus11,Fucus,Fucales,Intertidal,,75,,,,,Partial,5.21172,0.262062361,1.781175666,5.257,2.93E-06,0.77,3.81,1.369632901,,,
Fucus12,Fucus,Fucales,Intertidal,,75,,,,,Partial,7.22511,0.283869792,2.990154368,9.144,2.42E-06,0.73,3.32,2.179475331,,,
Fucus13,Fucus,Fucales,Intertidal,,75,,,,,Partial,2.89247,0.404019277,1.721708333,1.7428,1.68E-06,0.7,2.4,1.205195833,,,
Fucus14,Fucus,Fucales,Intertidal,,75,,,,,Partial,7.45804,0.319834278,2.254001451,4.0752,3.31E-06,0.94,3.52,2.117993233,,,
Fucus15,Fucus,Fucales,Intertidal,,75,,,,,Partial,8.48652,0.270837064,1.992094082,6.067,4.26E-06,1.13,3.77,2.251119155,,,
Fucus16,Fucus,Fucales,Intertidal,,75,,,,,Partial,5.94105,0.530822293,2.5625647,2.1799,2.32E-06,0.84,2.76,2.151069828,,,
Fucus1,Fucus,Fucales,Intertidal,,100,,,,,Wet,4.78882,0.171530727,0.962557537,7.1011,4.98E-06,0.89,5.6,0.855833293,,,
Fucus2,Fucus,Fucales,Intertidal,,100,,,,,Wet,4.18506,0.223639455,2.163716265,11.469,1.93E-06,0.38,5.08,0.824001451,,,
Fucus3,Fucus,Fucales,Intertidal,,100,,,,,Wet,5.14718,0.201835636,1.099824786,6.1267,4.68E-06,0.9,5.2,0.989842308,,,
Fucus4,Fucus,Fucales,Intertidal,,100,,,,,Wet,5.24824,0.227894364,1.781238121,10.2,2.95E-06,0.58,5.09,1.031857356,,,
Fucus5,Fucus,Fucales,Intertidal,,100,,,,,Wet,2.27863,0.087280727,0.506159758,6.3581,4.50E-06,0.82,5.49,0.415217022,,,
Fucus6,Fucus,Fucales,Intertidal,,100,,,,,Wet,3.31249,0.121814,0.683565488,6.546,4.85E-06,0.87,5.57,0.594199237,,,
Fucus7,Fucus,Fucales,Intertidal,,100,,,,,Wet,3.19036,0.148496727,0.721148282,6.3542,4.42E-06,0.8,5.53,0.577440724,,,
Fucus8,Fucus,Fucales,Intertidal,,100,,,,,Wet,6.31055,0.236380727,1.409485839,6.1767,4.48E-06,0.91,4.92,1.281830469,,,
53,Hedophyllum nigripes,Hedophyllum,Subtidal,150,52.65739984,0.83,1.409,0.579,0.186,Desiccation.profile,9.87923,0.488986965,10.39481271,10.686,9.50E-07,0.32,2.97,3.327740632,,,
63,Hedophyllum nigripes,Hedophyllum,Subtidal,192,25.42819499,0.315,0.881,0.566,0.122,Desiccation.profile,8.12197,0.437002033,16.64679238,22.77,4.88E-07,0.17,2.87,2.829374795,,,
73,Hedophyllum nigripes,Hedophyllum,Subtidal,133,62.57425743,0.778,1.156,0.378,0.146,Desiccation.profile,13.61466,0.601184047,6.609058252,3.2198,2.06E-06,0.5,4.12,3.304529126,,,
83,Hedophyllum nigripes,Hedophyllum,Subtidal,201,40.67961165,0.56,1.171,0.611,0.141,Desiccation.profile,6.30772,0.525190816,6.42595762,5.2688,9.82E-07,0.24,4.09,1.541601629,,,
93,Hedophyllum nigripes,Hedophyllum,Subtidal,0,100,1.099,1.099,0,0.167,Desiccation.profile,6.8378,0.284846545,2.03870006,5.6906,3.35E-06,0.6,5.58,1.224680597,,,
103,Hedophyllum nigripes,Hedophyllum,Subtidal,60,77.84145177,0.995,1.227,0.232,0.18,Desiccation.profile,10.71155,0.495002256,3.614371035,2.0657,2.96E-06,0.62,4.77,2.243635473,,,
117,Hedophyllum nigripes,Hedophyllum,Subtidal,20,92.37147595,1.31,1.402,0.092,0.196,Desiccation.profile,11.0701,0.512120182,5.623907742,7.0179,1.97E-06,0.73,2.7,4.102118274,,,
118,Hedophyllum nigripes,Hedophyllum,Subtidal,32,85.64638783,1.062,1.213,0.151,0.161,Desiccation.profile,6.88323,0.461647547,2.459701973,2.4712,2.80E-06,0.53,5.28,1.302897107,,,
119,Hedophyllum nigripes,Hedophyllum,Subtidal,46,83.81775334,1.28,1.486,0.206,0.213,Desiccation.profile,12.3938,0.481223818,3.346058315,3.1498,3.70E-06,0.8,4.63,2.679740541,,,
216,Hedophyllum nigripes,Hedophyllum,Subtidal,96,42.90030211,0.474,0.852,0.378,0.19,Desiccation.profile,2.71282,0.306497881,4.085572289,22.146,6.64E-07,0.16,4.15,0.653691566,,,
H. nigripes17,Hedophyllum nigripes,Hedophyllum,Subtidal,,0,,,,,Dry,33.87016,0.025489412,83.77482068,5264.4,4.04E-07,0.13,3.11,10.89881386,,,
H. nigripes18,Hedophyllum nigripes,Hedophyllum,Subtidal,,0,,,,,Dry,16.47305,0.028285971,76.08799076,5149.1,2.17E-07,0.05,4.34,3.795633641,,,
H. nigripes19,Hedophyllum nigripes,Hedophyllum,Subtidal,,0,,,,,Dry,17.29585,0.013208746,65.02199248,6542,2.66E-07,0.07,3.8,4.551539474,,,
H. nigripes20,Hedophyllum nigripes,Hedophyllum,Subtidal,,0,,,,,Dry,40.01872,0.021466783,112.6336054,8041.5,3.55E-07,0.11,3.23,12.40016676,,,
H. nigripes21,Hedophyllum nigripes,Hedophyllum,Subtidal,,0,,,,,Dry,20.01728,0.013961082,53.65124631,4623.5,3.73E-07,0.13,2.87,6.976531903,,,
H. nigripes22,Hedophyllum nigripes,Hedophyllum,Subtidal,,0,,,,,Dry,50.77699,0.019288435,97.61051519,4372.7,5.20E-07,0.17,3.06,16.60016981,,,
H. nigripes23,Hedophyllum nigripes,Hedophyllum,Subtidal,,0,,,,,Dry,67.9054,0.022439394,83.6376401,1463.8,8.12E-07,0.23,3.53,19.23428818,,,
H. nigripes24,Hedophyllum nigripes,Hedophyllum,Subtidal,,0,,,,,Dry,81.08882,0.026259932,112.6233611,1912.5,7.20E-07,0.25,2.88,28.15584028,,,
H. nigripes9,Hedophyllum nigripes,Hedophyllum,Subtidal,,75,,,,,Partial,2.19389,0.234323507,14.15570776,14.256,,0.69,4.38,0.500888128,,,
H. nigripes10,Hedophyllum nigripes,Hedophyllum,Subtidal,,75,,,,,Partial,1.36801,0.207021563,1.547347585,3.072,8.84E-07,0.21,4.21,0.324979751,,,
H. nigripes11,Hedophyllum nigripes,Hedophyllum,Subtidal,,75,,,,,Partial,2.98308,0.218114296,3.228441558,9.126,9.24E-07,0.21,4.4,0.677972727,,,
H. nigripes12,Hedophyllum nigripes,Hedophyllum,Subtidal,,75,,,,,Partial,1.40823,0.180246407,0.872941979,4.646,1.61E-06,0.37,4.35,0.323630497,,,
H. nigripes13,Hedophyllum nigripes,Hedophyllum,Subtidal,,75,,,,,Partial,1.41334,0.281296408,1.951587959,3.0967,7.24E-07,0.17,4.26,0.331861602,,,
H. nigripes14,Hedophyllum nigripes,Hedophyllum,Subtidal,,75,,,,,Partial,3.0915,0.239919918,3.593931644,7.5755,8.60E-07,0.22,3.91,0.790848837,,,
H. nigripes15,Hedophyllum nigripes,Hedophyllum,Subtidal,,75,,,,,Partial,2.40906,0.37964701,2.381906269,2.8562,1.01E-06,0.26,3.88,0.620154059,,,
H. nigripes16,Hedophyllum nigripes,Hedophyllum,Subtidal,,75,,,,,Partial,4.32182,0.380925483,2.005298812,1.6211,2.16E-06,0.48,4.5,0.960404444,,,
H. nigripes1,Hedophyllum nigripes,Hedophyllum,Subtidal,,100,,,,,Wet,11.82777,0.489103818,2.51697523,8.6568,4.70E-06,0.88,5.34,2.214561191,,,
H. nigripes2,Hedophyllum nigripes,Hedophyllum,Subtidal,,100,,,,,Wet,12.78104,0.557587818,2.942228361,8.2864,4.34E-06,0.8,5.43,2.355952074,,,
H. nigripes3,Hedophyllum nigripes,Hedophyllum,Subtidal,,100,,,,,Wet,10.88017,0.494559273,4.317527778,14.574,2.52E-06,0.7,3.6,3.022269444,,,
H. nigripes4,Hedophyllum nigripes,Hedophyllum,Subtidal,,100,,,,,Wet,14.01404,0.535763273,2.878512889,9.3227,4.87E-06,0.91,5.35,2.618639918,,,
H. nigripes5,Hedophyllum nigripes,Hedophyllum,Subtidal,,100,,,,,Wet,12.43652,0.452137091,2.507868522,9.8608,4.96E-06,0.87,5.7,2.181405726,,,
H. nigripes6,Hedophyllum nigripes,Hedophyllum,Subtidal,,100,,,,,Wet,10.40552,0.470922182,2.622887679,8.0218,3.97E-06,0.72,5.51,1.887147204,,,
H. nigripes7,Hedophyllum nigripes,Hedophyllum,Subtidal,,100,,,,,Wet,11.90864,0.477580909,2.593119066,7.051,4.59E-06,0.86,5.34,2.231248453,,,
H. nigripes8,Hedophyllum nigripes,Hedophyllum,Subtidal,,100,,,,,Wet,9.26208,0.365468545,2.453401144,9.1318,3.78E-06,0.66,5.73,1.617188571,,,
3,Hedophyllum sessile,Hedophyllum,Intertidal,27,91.07240065,1.875,2.039,0.164,0.202,Desiccation.profile,12.15889,0.613845472,0.02301251,0.0138,0.00052836,1.02,518,0.023472761,,,
55,Hedophyllum sessile,Hedophyllum,Intertidal,156,55.80500321,1.058,1.747,0.689,0.188,Desiccation.profile,10.17988,0.9758465,3.607200312,0.8566,2.82E-06,0.69,4.09,2.490821702,,,
65,Hedophyllum sessile,Hedophyllum,Intertidal,194,56.55307995,1.022,1.685,0.663,0.159,Desiccation.profile,8.47241,0.770922727,10.4649333,1.444,8.10E-07,0.44,1.84,4.60229679,,,
75,Hedophyllum sessile,Hedophyllum,Intertidal,136,71.69117647,1.354,1.816,0.462,0.184,Desiccation.profile,8.52555,0.708167871,3.949573798,0.719,2.16E-06,0.86,2.51,3.394431944,,,
85,Hedophyllum sessile,Hedophyllum,Intertidal,203,60.62465142,1.288,1.994,0.706,0.201,Desiccation.profile,9.82969,0.865235217,7.501289683,0.9668,1.31E-06,0.63,2.08,4.727255496,,,
95,Hedophyllum sessile,Hedophyllum,Intertidal,0,100,1.889,1.889,0,0.173,Desiccation.profile,6.48216,0.663029636,2.104802416,1.8937,3.08E-06,1.03,2.99,2.167735325,,,
105,Hedophyllum sessile,Hedophyllum,Intertidal,61,86.05,1.96,2.239,0.279,0.239,Desiccation.profile,9.29574,0.735150545,2.271686217,0.7192,4.09E-06,0.88,4.65,2.000061418,,,
213,Hedophyllum sessile,Hedophyllum,Intertidal,127,67.13404375,1.399,1.985,0.586,0.202,Desiccation.profile,10.22615,0.833699784,7.066162244,1.3961,1.45E-06,0.54,2.69,3.80835931,,,
214,Hedophyllum sessile,Hedophyllum,Intertidal,103,72.45345016,1.539,2.042,0.503,0.216,Desiccation.profile,10.84764,0.730240568,4.70940349,1.1327,2.30E-06,0.66,3.48,3.112801043,,,
215,Hedophyllum sessile,Hedophyllum,Intertidal,90,76.57361795,1.632,2.06,0.428,0.233,Desiccation.profile,5.85327,0.711647109,3.484089286,0.8562,1.68E-06,0.75,2.24,2.613066964,,,
H. sessile17,Hedophyllum sessile,Hedophyllum,Intertidal,,0,,,,,Dry,64.62054,0.028348667,185.8514236,11343,3.48E-07,0.19,1.83,35.28132931,,,
H. sessile18,Hedophyllum sessile,Hedophyllum,Intertidal,,0,,,,,Dry,47.5304,0.023527731,142.7339339,6456.8,3.33E-07,0.18,1.85,25.69210811,,,
H. sessile19,Hedophyllum sessile,Hedophyllum,Intertidal,,0,,,,,Dry,53.14696,0.023886624,174.5384565,11819,3.05E-07,0.21,1.45,36.59298885,,,
H. sessile20,Hedophyllum sessile,Hedophyllum,Intertidal,,0,,,,,Dry,36.17691,0.024460751,230.7200893,13410,1.57E-07,0.14,1.12,32.25966497,,,
H. sessile21,Hedophyllum sessile,Hedophyllum,Intertidal,,0,,,,,Dry,22.22853,0.011339626,74.29321524,6771.6,2.99E-07,0.17,1.76,12.63829465,,,
H. sessile22,Hedophyllum sessile,Hedophyllum,Intertidal,,0,,,,,Dry,21.92485,0.008603608,65.13621509,5365.3,3.37E-07,0.17,1.98,11.06001335,,,
H. sessile23,Hedophyllum sessile,Hedophyllum,Intertidal,,0,,,,,Dry,51.44011,0.023894539,225.4167835,16291,2.28E-07,0.14,1.63,31.58603246,,,
H. sessile24,Hedophyllum sessile,Hedophyllum,Intertidal,,0,,,,,Dry,12.60616,0.007286891,44.23214035,11260,2.85E-07,0.15,1.9,6.634821053,,,
H. sessile9,Hedophyllum sessile,Hedophyllum,Intertidal,,75,,,,,Partial,13.2595,0.633330727,2.54833564,2.6106,5.20E-06,0.96,5.42,2.447907692,,,
H. sessile10,Hedophyllum sessile,Hedophyllum,Intertidal,,75,,,,,Partial,8.36881,0.551532182,1.857836434,2.8265,4.50E-06,1.01,4.46,1.878332911,,,
H. sessile11,Hedophyllum sessile,Hedophyllum,Intertidal,,75,,,,,Partial,9.59917,0.642423091,3.475315883,3.0145,2.76E-06,0.93,2.97,3.234502935,,,
H. sessile12,Hedophyllum sessile,Hedophyllum,Intertidal,,75,,,,,Partial,6.05524,0.389096727,2.163126496,3.6435,2.80E-06,0.93,3.01,2.011204714,,,
H. sessile13,Hedophyllum sessile,Hedophyllum,Intertidal,,75,,,,,Partial,9.80495,0.620007273,2.560039164,3.0079,3.83E-06,1,3.83,2.560039164,,,
H. sessile14,Hedophyllum sessile,Hedophyllum,Intertidal,,75,,,,,Partial,7.02608,0.501215273,4.72913778,4.8933,1.49E-06,0.83,1.8,3.913856644,,,
H. sessile15,Hedophyllum sessile,Hedophyllum,Intertidal,,75,,,,,Partial,8.40335,0.590911636,3.592403386,2.4119,2.34E-06,0.86,2.72,3.088410684,,,
H. sessile16,Hedophyllum sessile,Hedophyllum,Intertidal,,75,,,,,Partial,3.36911,0.339388909,2.122140338,3.0223,1.59E-06,0.81,1.96,1.716339057,,,
H. sessile1,Hedophyllum sessile,Hedophyllum,Intertidal,,100,,,,,Wet,16.49392,0.655164182,2.429828671,3.3465,6.79E-06,1.21,5.61,2.939269985,,,
H. sessile2,Hedophyllum sessile,Hedophyllum,Intertidal,,100,,,,,Wet,12.59679,0.58849,1.837874234,3.4291,6.85E-06,1.15,5.96,2.114789562,,,
H. sessile3,Hedophyllum sessile,Hedophyllum,Intertidal,,100,,,,,Wet,14.33243,0.746679273,2.915762384,4.274,4.92E-06,1.13,4.35,3.291797947,,,
H. sessile4,Hedophyllum sessile,Hedophyllum,Intertidal,,100,,,,,Wet,16.42221,0.735756545,2.80563272,4.3712,5.85E-06,1.09,5.37,3.059864769,,,
H. sessile5,Hedophyllum sessile,Hedophyllum,Intertidal,,100,,,,,Wet,12.43122,0.592120909,3.286508923,5.7866,3.78E-06,0.85,4.45,2.795380159,,,
H. sessile6,Hedophyllum sessile,Hedophyllum,Intertidal,,100,,,,,Wet,11.25138,0.696362364,2.163643706,3.3239,5.20E-06,1.07,4.86,2.315187808,,,
H. sessile7,Hedophyllum sessile,Hedophyllum,Intertidal,,100,,,,,Wet,11.41541,0.593951273,1.890970382,3.33,6.04E-06,0.98,6.16,1.852169172,,,
H. sessile8,Hedophyllum sessile,Hedophyllum,Intertidal,,100,,,,,Wet,11.37072,0.804849818,2.003298097,2.9658,5.68E-06,1.1,5.16,2.202076056,,,
Heteromeles arbutifolia,Heteromeles arbutifolia,Embryophyta,Terrestrial,,leaf,,,,,,,,3.28,40.87,0,,,,,,
Lolium perenne,Lolium perenne,Embryophyta,Terrestrial,,leaf,,,,,,,,5.5,75.1,0,,,,,,
Lolium perenne,Lolium perenne,Embryophyta,Terrestrial,,leaf,,,,,,,,3.9,49,0,,,,,,
51,Mastocarpus,Gigartinaceae,Intertidal,148,22.2,0.29,0.679,0.389,0.179,Desiccation.profile,7.61658,0.504459778,3.783695976,16.64,2.01E-06,0.55,3.65,2.084138806,,,
61,Mastocarpus,Gigartinaceae,Intertidal,187,17.01720841,0.279,0.713,0.434,0.19,Desiccation.profile,6.77847,0.311361978,2.3322564,17.203,2.91E-06,0.84,3.46,1.956671753,,,
71,Mastocarpus,Gigartinaceae,Intertidal,127,35.25179856,0.282,0.552,0.27,0.135,Desiccation.profile,4.34588,0.595746383,3.257781109,3.29,1.33E-06,0.29,4.59,0.947597895,,,
81,Mastocarpus,Gigartinaceae,Intertidal,201,7.843137255,0.163,0.492,0.329,0.135,Desiccation.profile,8.9932,0.382254279,12.49055556,63.876,7.20E-07,0.2,3.6,2.498111111,,,
91,Mastocarpus,Gigartinaceae,Intertidal,0,100,0.886,0.886,0,0.272,Desiccation.profile,9.54179,0.502709274,2.825690002,5.7018,3.38E-06,0.63,5.37,1.77849932,,,
101,Mastocarpus,Gigartinaceae,Intertidal,59,53.47826087,0.409,0.623,0.214,0.163,Desiccation.profile,3.97548,0.617387064,1.588730368,1.1026,2.50E-06,0.57,4.39,0.90640944,,,
111,Mastocarpus,Gigartinaceae,Intertidal,16,80,0.429,0.5,0.071,0.145,Desiccation.profile,7.75616,0.614554727,6.463466667,5.9699,1.20E-06,0.24,5,1.551232,,,
113,Mastocarpus,Gigartinaceae,Intertidal,33,74.16666667,0.673,0.828,0.155,0.228,Desiccation.profile,7.33812,0.549037059,2.84710173,2.5574,2.58E-06,0.24,10.75,0.682615814,,,
115,Mastocarpus,Gigartinaceae,Intertidal,43,68.97590361,0.341,0.444,0.103,0.112,Desiccation.profile,5.45224,0.444245273,2.868845041,2.598,1.90E-06,0.21,9.05,0.602616,,,
218,Mastocarpus,Gigartinaceae,Intertidal,95,51.81208054,0.634,0.993,0.359,0.248,Desiccation.profile,4.5687,0.607666437,1.928453843,1.5106,2.37E-06,0.53,4.47,1.021692405,,,
Mastocarpus17,Mastocarpus,Gigartinaceae,Intertidal,,0,,,,,Dry,14.32489,0.068050346,27.06895314,1417.1,5.29E-07,0.18,2.94,4.874253686,,,
Mastocarpus18,Mastocarpus,Gigartinaceae,Intertidal,,0,,,,,Dry,16.20302,0.059980796,31.25582562,1698.7,5.18E-07,0.16,3.24,5.004793822,,,
Mastocarpus19,Mastocarpus,Gigartinaceae,Intertidal,,0,,,,,Dry,19.7154,0.095775047,45.16701031,1692.4,4.37E-07,0.15,2.91,6.767299771,,,
Mastocarpus20,Mastocarpus,Gigartinaceae,Intertidal,,0,,,,,Dry,23.90205,0.056598524,62.26113571,2492.5,3.84E-07,0.11,3.49,6.846941406,,,
Mastocarpus21,Mastocarpus,Gigartinaceae,Intertidal,,0,,,,,Dry,18.12887,0.065976148,27.40569917,891.11,6.62E-07,0.21,3.15,5.75085,,,
Mastocarpus22,Mastocarpus,Gigartinaceae,Intertidal,,0,,,,,Dry,21.33501,0.042971603,35.75500251,1734.5,5.97E-07,0.17,3.51,6.07529598,,,
Mastocarpus23,Mastocarpus,Gigartinaceae,Intertidal,,0,,,,,Dry,16.97254,0.032505319,33.20786539,1792.6,5.11E-07,0.19,2.69,6.310729159,,,
Mastocarpus24,Mastocarpus,Gigartinaceae,Intertidal,,0,,,,,Dry,21.43732,0.082320696,52.80128079,2544.9,4.06E-07,0.14,2.9,7.39217931,,,
Mastocarpus9,Mastocarpus,Gigartinaceae,Intertidal,,75,,,,,Partial,8.10165,0.494553273,5.924424132,8.4802,1.37E-06,0.25,5.48,1.478403285,,,
Mastocarpus10,Mastocarpus,Gigartinaceae,Intertidal,,75,,,,,Partial,9.54948,0.523654909,5.465590659,9.4081,1.75E-06,0.32,5.47,1.746190629,,,
Mastocarpus11,Mastocarpus,Gigartinaceae,Intertidal,,75,,,,,Partial,6.66964,0.454561818,4.622065142,9.9545,1.44E-06,0.26,5.54,1.204240556,,,
Mastocarpus12,Mastocarpus,Gigartinaceae,Intertidal,,75,,,,,Partial,9.57075,0.570317091,6.066651876,10.614,1.58E-06,0.29,5.45,1.756656646,,,
Mastocarpus13,Mastocarpus,Gigartinaceae,Intertidal,,75,,,,,Partial,7.40025,0.508494909,5.151942356,7.6615,1.44E-06,0.27,5.33,1.387546875,,,
Mastocarpus14,Mastocarpus,Gigartinaceae,Intertidal,,75,,,,,Partial,8.2331,0.575763636,6.407081712,10.036,1.29E-06,0.43,3,2.744366667,,,
Mastocarpus15,Mastocarpus,Gigartinaceae,Intertidal,,75,,,,,Partial,4.73134,0.362431818,4.841731478,8.9223,9.77E-07,0.28,3.49,1.355962334,,,
Mastocarpus16,Mastocarpus,Gigartinaceae,Intertidal,,75,,,,,Partial,9.25,0.581831091,6.150674912,11.089,1.50E-06,0.27,5.56,1.665,,,
Mastocarpus1,Mastocarpus,Gigartinaceae,Intertidal,,100,,,,,Wet,4.13972,0.330911636,4.909535104,17.534,8.43E-07,0.34,2.48,1.66963796,,,
Mastocarpus2,Mastocarpus,Gigartinaceae,Intertidal,,100,,,,,Wet,10.14651,0.640019273,7.075669456,9.0282,1.43E-06,0.3,4.77,2.128638462,,,
Mastocarpus3,Mastocarpus,Gigartinaceae,Intertidal,,100,,,,,Wet,9.74161,0.516363091,5.809643368,11.34,1.68E-06,0.32,5.25,1.855544762,,,
Mastocarpus4,Mastocarpus,Gigartinaceae,Intertidal,,100,,,,,Wet,9.05658,0.518784909,6.028877646,10.642,1.50E-06,0.29,5.17,1.7509388,,,
Mastocarpus5,Mastocarpus,Gigartinaceae,Intertidal,,100,,,,,Wet,7.59461,0.498181455,6.577697904,10.577,1.15E-06,0.23,5,1.518922,,,
Mastocarpus6,Mastocarpus,Gigartinaceae,Intertidal,,100,,,,,Wet,5.5867,0.356970364,4.156770833,13.699,1.34E-06,0.28,4.79,1.167370149,,,
Mastocarpus7,Mastocarpus,Gigartinaceae,Intertidal,,100,,,,,Wet,6.36862,0.448488364,4.255960973,8.4234,1.50E-06,0.29,5.17,1.231266533,,,
Mastocarpus8,Mastocarpus,Gigartinaceae,Intertidal,,100,,,,,Wet,8.19825,0.513944545,2.512719527,5.5168,3.26E-06,0.59,5.53,1.483732362,,,
7,Nereocystis,Giant Kelps,Subtidal,14,86.62674651,0.474,0.541,0.067,0.04,Desiccation.profile,1.37749,0.38182,1.368866143,0.576,1.01E-06,0.29,3.48,0.395516931,,,
8,Nereocystis,Giant Kelps,Subtidal,28,78.75647668,0.504,0.627,0.123,0.048,Desiccation.profile,1.27882,0.388683012,1.58938603,0.9998,8.05E-07,0.27,2.98,0.428920994,,,
9,Nereocystis,Giant Kelps,Subtidal,46,65.97222222,0.422,0.618,0.196,0.042,Desiccation.profile,1.6206,0.482881818,2.188225763,1.0566,7.41E-07,0.23,3.22,0.503020243,,,
57,Nereocystis,Giant Kelps,Subtidal,157,26.54600302,0.224,0.711,0.487,0.048,Desiccation.profile,2.52473,0.559527857,10.73439626,6.0812,2.35E-07,0.16,1.47,1.718965106,,,
67,Nereocystis,Giant Kelps,Subtidal,196,20.12779553,0.173,0.673,0.5,0.047,Desiccation.profile,1.38344,0.292701714,2.533772894,1.4532,5.46E-07,0.2,2.73,0.506754579,,,
77,Nereocystis,Giant Kelps,Subtidal,138,38.1294964,0.317,0.747,0.43,0.052,Desiccation.profile,2.04626,0.465520696,3.09476709,1.3193,6.61E-07,0.19,3.48,0.588183661,,,
87,Nereocystis,Giant Kelps,Subtidal,207,9.433962264,0.087,0.519,0.432,0.042,Desiccation.profile,1.31948,0.126578481,7.003609342,51.99,1.88E-07,0.06,3.13,0.421110638,,,
97,Nereocystis,Giant Kelps,Subtidal,0,100,0.735,0.735,0,0.056,Desiccation.profile,1.81743,0.389108545,1.051023595,1.3435,1.73E-06,0.44,3.93,0.462236532,,,
107,Nereocystis,Giant Kelps,Subtidal,63,58.82352941,0.373,0.604,0.231,0.043,Desiccation.profile,1.91012,0.505667358,2.800762463,0.8164,6.82E-07,0.2,3.41,0.560152493,,,
220,Nereocystis,Giant Kelps,Subtidal,110,30.22774327,0.184,0.521,0.337,0.038,Desiccation.profile,1.31317,0.275604724,8.639276316,14.639,1.52E-07,0.08,1.9,0.691142105,,,
Nereocystis9,Nereocystis,Giant Kelps,Subtidal,,75,,,,,Partial,2.07986,0.387887455,1.390280749,2.8775,1.50E-06,0.4,3.75,0.554629333,,,
Nereocystis10,Nereocystis,Giant Kelps,Subtidal,,75,,,,,Partial,2.67761,0.399392545,1.467987939,2.2721,1.82E-06,0.38,4.79,0.559061429,,,
Nereocystis11,Nereocystis,Giant Kelps,Subtidal,,75,,,,,Partial,3.08954,0.496368909,1.116728114,2.6806,2.77E-06,0.53,5.23,0.591139422,,,
Nereocystis12,Nereocystis,Giant Kelps,Subtidal,,75,,,,,Partial,2.65029,0.43274,1.003897727,2.828,2.64E-06,0.55,4.8,0.55214375,,,
Nereocystis13,Nereocystis,Giant Kelps,Subtidal,,75,,,,,Partial,1.16233,0.244251818,0.792695901,1.1313,1.47E-06,0.43,3.42,0.340001293,,,
Nereocystis14,Nereocystis,Giant Kelps,Subtidal,,75,,,,,Partial,1.91281,0.262596545,0.938480031,2.2291,2.04E-06,0.43,4.74,0.403190343,,,
Nereocystis15,Nereocystis,Giant Kelps,Subtidal,,75,,,,,Partial,2.64523,0.415161455,1.132860814,1.887,2.34E-06,0.5,4.68,0.565220085,,,
Nereocystis16,Nereocystis,Giant Kelps,Subtidal,,75,,,,,Partial,1.84334,0.340613091,1.346289804,2.7067,1.37E-06,0.42,3.26,0.565111533,,,
Nereocystis1,Nereocystis,Giant Kelps,Subtidal,,100,,,,,Wet,3.9997,0.239999818,1.724008621,18.566,2.32E-06,0.5,4.64,0.86200431,,,
Nereocystis2,Nereocystis,Giant Kelps,Subtidal,,100,,,,,Wet,2.9385,0.283034,1.310192616,11.763,2.24E-06,0.42,5.33,0.55096875,,,
Nereocystis3,Nereocystis,Giant Kelps,Subtidal,,100,,,,,Wet,1.67209,0.473332,1.016344517,6.4162,1.65E-06,0.32,5.16,0.324284121,,,
Nereocystis4,Nereocystis,Giant Kelps,Subtidal,,100,,,,,Wet,1.49956,0.300000545,1.271028988,8.4305,1.18E-06,0.34,3.47,0.43207661,,,
Nereocystis5,Nereocystis,Giant Kelps,Subtidal,,100,,,,,Wet,1.16032,0.140004545,0.863333333,12.968,1.34E-06,0.28,4.79,0.242454925,,,
Nereocystis6,Nereocystis,Giant Kelps,Subtidal,,100,,,,,Wet,1.55784,0.173334364,1.236380952,13.831,1.26E-06,0.3,4.2,0.370914286,,,
Nereocystis7,Nereocystis,Giant Kelps,Subtidal,,100,,,,,Wet,1.96464,0.446666909,1.122394881,7.2528,1.75E-06,0.32,5.47,0.359248457,,,
Nereocystis8,Nereocystis,Giant Kelps,Subtidal,,100,,,,,Wet,3.48488,0.252755818,1.367263026,14.309,2.55E-06,0.54,4.72,0.737974588,,,
Oak,Oak,Embryophyta,Terrestrial,,wood,,,,,,,,14.8,10000,0,,,,,,
252,P. nereocystis,Pyropia,Subtidal,0,100,0.128,0.128,0,0.022,Desiccation.profile,0.75004,0.636976727,2.604305556,1.3381,2.88E-07,0.06,4.8,0.156258333,,,
253,P. nereocystis,Pyropia,Subtidal,10,67.51592357,0.13,0.181,0.051,0.024,Desiccation.profile,0.50044,0.392118727,1.328836962,1.3194,3.77E-07,0.07,5.39,0.092919894,,,
254,P. nereocystis,Pyropia,Subtidal,19,57.92682927,0.121,0.19,0.069,0.026,Desiccation.profile,0.18096,0.393331091,0.598412698,0.9014,3.02E-07,0.06,5.03,0.035952318,,,
271,P. nereocystis,Pyropia,Subtidal,32,47.68211921,0.092,0.171,0.079,0.02,Desiccation.profile,0.6913,0.479390545,2.669111969,1.5037,2.59E-07,0.05,5.18,0.133455598,,,
272,P. nereocystis,Pyropia,Subtidal,45,19.40298507,0.048,0.156,0.108,0.022,Desiccation.profile,1.37373,0.601826108,4.328071834,3.1975,3.17E-07,0.06,5.28,0.260011987,,,
273,P. nereocystis,Pyropia,Subtidal,58,32.87671233,0.071,0.169,0.098,0.023,Desiccation.profile,0.72824,0.405505176,3.612301587,6.3011,2.02E-07,0.06,3.37,0.216308911,,,
283,P. nereocystis,Pyropia,Subtidal,117,2.614379085,0.036,0.185,0.149,0.032,Desiccation.profile,1.65263,0.307394724,5.007969697,22.137,3.30E-07,0.06,5.5,0.300478182,,,
286,P. nereocystis,Pyropia,Subtidal,80,6.578947368,0.035,0.177,0.142,0.025,Desiccation.profile,0.78423,0.269712724,3.200938776,14.029,2.45E-07,0.05,4.9,0.160046939,,,
P. nereocystis9,P. nereocystis,Pyropia,Subtidal,,75,,,,,Partial,0.78186,0.691519091,2.939323308,1.638,2.66E-07,0.05,5.32,0.146966165,,,
P. nereocystis10,P. nereocystis,Pyropia,Subtidal,,75,,,,,Partial,0.43313,0.406663455,1.677173282,1.6551,2.58E-07,0.05,5.16,0.083939922,,,
P. nereocystis11,P. nereocystis,Pyropia,Subtidal,,75,,,,,Partial,0.57602,0.466075818,2.299481038,1.736,2.51E-07,0.05,5.02,0.11474502,,,
P. nereocystis12,P. nereocystis,Pyropia,Subtidal,,75,,,,,Partial,1.49488,0.826671455,5.694780952,1.5408,2.63E-07,0.05,5.26,0.284197719,,,
P. nereocystis13,P. nereocystis,Pyropia,Subtidal,,75,,,,,Partial,0.43088,0.437586364,2.244166667,2.1154,1.92E-07,0.04,4.8,0.089766667,,,
P. nereocystis14,P. nereocystis,Pyropia,Subtidal,,75,,,,,Partial,0.45898,0.387275273,2.144766355,1.6555,2.14E-07,0.05,4.28,0.107238318,,,
P. nereocystis15,P. nereocystis,Pyropia,Subtidal,,75,,,,,Partial,1.08315,0.837570364,4.941377737,1.5342,2.19E-07,0.04,5.48,0.197835616,,,
P. nereocystis16,P. nereocystis,Pyropia,Subtidal,,75,,,,,Partial,0.62814,0.502436364,2.701677419,2.223,2.33E-07,0.05,4.66,0.134793991,,,
P. nereocystis1,P. nereocystis,Pyropia,Subtidal,,100,,,,,Wet,1.13639,0.714556,3.55343965,1.6964,3.20E-07,0.06,5.33,0.213073125,,,
P. nereocystis2,P. nereocystis,Pyropia,Subtidal,,100,,,,,Wet,0.28092,0.268486182,0.89351145,2.058,3.14E-07,0.06,5.23,0.053678981,,,
P. nereocystis3,P. nereocystis,Pyropia,Subtidal,,100,,,,,Wet,0.84648,0.683653636,2.265981368,1.6325,3.74E-07,0.06,6.23,0.13579893,,,
P. nereocystis4,P. nereocystis,Pyropia,Subtidal,,100,,,,,Wet,0.71184,0.566053273,3.009894292,2.0736,2.37E-07,0.05,4.74,0.150177215,,,
P. nereocystis5,P. nereocystis,Pyropia,Subtidal,,100,,,,,Wet,0.74583,0.458798909,2.595093946,2.778,2.87E-07,0.06,4.78,0.155922648,,,
P. nereocystis6,P. nereocystis,Pyropia,Subtidal,,100,,,,,Wet,1.06199,0.742430364,4.132256809,1.7769,2.57E-07,0.05,5.14,0.20661284,,,
P. nereocystis7,P. nereocystis,Pyropia,Subtidal,,100,,,,,Wet,0.38607,0.459390364,20.06600832,17.913,1.92E-08,0.04,0.48,0.8043125,,,
P. nereocystis8,P. nereocystis,Pyropia,Subtidal,,100,,,,,Wet,0.49404,0.491528545,2.562448133,2.6071,1.93E-07,0.04,4.83,0.10239171,,,
255,P. perforata,Pyropia,Intertidal,21,41.09589041,0.097,0.183,0.086,0.037,Desiccation.profile,0.40149,0.403659273,0.957752863,0.951,4.19E-07,0.08,5.24,0.076656802,,,
256,P. perforata,Pyropia,Intertidal,16,63.75838926,0.13,0.184,0.054,0.035,Desiccation.profile,0.5155,0.343049636,2.343181818,2.0498,2.20E-07,0.08,2.75,0.187454545,,,
257,P. perforata,Pyropia,Intertidal,0,100,0.191,0.191,0,0.037,Desiccation.profile,1.95781,0.746667455,3.891492745,1.7476,5.03E-07,0.09,5.59,0.350303976,,,
268,P. perforata,Pyropia,Intertidal,7,72.60273973,0.139,0.179,0.04,0.033,Desiccation.profile,1.85664,0.824237818,5.667399267,0.9009,3.28E-07,0.06,5.47,0.339629268,,,
269,P. perforata,Pyropia,Intertidal,30,34.72222222,0.078,0.172,0.094,0.028,Desiccation.profile,0.41733,0.243036545,1.409422492,3.0236,2.96E-07,0.07,4.23,0.098692905,,,
270,P. perforata,Pyropia,Intertidal,45,35.15151515,0.092,0.199,0.107,0.034,Desiccation.profile,0.34968,0.156982909,0.952287582,4.6497,3.67E-07,0.08,4.59,0.076224523,,,
274,P. perforata,Pyropia,Intertidal,59,12.14285714,0.054,0.177,0.123,0.037,Desiccation.profile,0.6757,0.504190452,2.023659778,1.7361,3.34E-07,0.07,4.77,0.141613772,,,
284,P. perforata,Pyropia,Intertidal,121,0.757575758,0.04,0.171,0.131,0.039,Desiccation.profile,2.26834,0.443863731,5.193086081,5.5141,4.37E-07,0.08,5.46,0.415256751,,,
285,P. perforata,Pyropia,Intertidal,80,7.784431138,0.05,0.204,0.154,0.037,Desiccation.profile,1.69027,0.365865476,5.355735108,8.2659,3.16E-07,0.06,5.27,0.320937342,,,
P. perforata9,P. perforata,Pyropia,Intertidal,,75,,,,,Partial,1.87465,0.775156909,5.017799786,1.5373,3.74E-07,0.08,4.68,0.400994652,,,
P. perforata10,P. perforata,Pyropia,Intertidal,,75,,,,,Partial,1.58111,0.754556364,5.501426583,1.2769,2.87E-07,0.06,4.78,0.330545645,,,
P. perforata11,P. perforata,Pyropia,Intertidal,,75,,,,,Partial,2.24896,0.812726727,6.556734694,2.2217,3.43E-07,0.07,4.9,0.458971429,,,
P. perforata12,P. perforata,Pyropia,Intertidal,,75,,,,,Partial,0.96504,0.479399455,2.773900546,2.6358,3.48E-07,0.07,4.97,0.194117241,,,
P. perforata13,P. perforata,Pyropia,Intertidal,,75,,,,,Partial,0.92028,0.400007636,2.650576037,3.7653,3.47E-07,0.07,4.96,0.185647262,,,
P. perforata14,P. perforata,Pyropia,Intertidal,,75,,,,,Partial,2.82628,0.797575818,8.411547619,3.8895,3.36E-07,0.07,4.8,0.588808333,,,
P. perforata15,P. perforata,Pyropia,Intertidal,,75,,,,,Partial,1.67986,0.760612,4.999583333,2.6798,3.36E-07,0.07,4.8,0.349970833,,,
P. perforata16,P. perforata,Pyropia,Intertidal,,75,,,,,Partial,0.72486,0.400001818,1.879336272,2.3044,3.86E-07,0.06,6.43,0.112672539,,,
P. perforata1,P. perforata,Pyropia,Intertidal,,100,,,,,Wet,2.67743,0.964866364,3.885965167,1.047,6.89E-07,0.13,5.3,0.505175472,,,
P. perforata2,P. perforata,Pyropia,Intertidal,,100,,,,,Wet,2.60666,0.915764727,3.833887336,1.0825,6.80E-07,0.13,5.23,0.498332059,,,
P. perforata3,P. perforata,Pyropia,Intertidal,,100,,,,,Wet,1.62583,0.600624909,4.953778184,3.3228,3.28E-07,0.06,5.47,0.297407927,,,
P. perforata4,P. perforata,Pyropia,Intertidal,,100,,,,,Wet,2.43385,1.022424727,4.225434028,1.196,5.76E-07,0.12,4.8,0.507052083,,,
P. perforata5,P. perforata,Pyropia,Intertidal,,100,,,,,Wet,1.21546,0.635755455,4.220347222,2.5579,2.88E-07,0.06,4.8,0.253220833,,,
P. perforata6,P. perforata,Pyropia,Intertidal,,100,,,,,Wet,2.20456,0.886054182,6.972043011,2.9357,3.16E-07,0.06,5.27,0.418587342,,,
P. perforata7,P. perforata,Pyropia,Intertidal,,100,,,,,Wet,1.19387,0.525461455,3.733176986,2.7194,3.20E-07,0.06,5.33,0.223850625,,,
P. perforata8,P. perforata,Pyropia,Intertidal,,100,,,,,Wet,4.08192,0.849093273,9.609039548,4.5365,4.25E-07,0.08,5.31,0.768361412,,,
10,Phyllospadix,Zosteraceae,Intertidal,14,43.1372549,0.036,0.065,0.029,0.014,Desiccation.profile,3.91015,0.089046787,15.51646825,166.84,2.52E-07,0.09,2.8,1.396482143,,,
11,Phyllospadix,Zosteraceae,Intertidal,32,13.43283582,0.027,0.085,0.058,0.018,Desiccation.profile,4.28619,0.079388909,31.86758364,582.34,1.35E-07,0.05,2.7,1.587477778,,,
12,Phyllospadix,Zosteraceae,Intertidal,43,7.407407407,0.02,0.07,0.05,0.016,Desiccation.profile,1.8419,0.034897473,12.58128415,448.54,1.46E-07,0.06,2.43,0.756945205,,,
58,Phyllospadix,Zosteraceae,Intertidal,164,8.620689655,0.021,0.074,0.053,0.016,Desiccation.profile,4.1802,0.094740174,51.35380835,777.19,8.14E-08,0.11,0.74,5.648918919,,,
68,Phyllospadix,Zosteraceae,Intertidal,196,10,0.014,0.041,0.027,0.011,Desiccation.profile,4.57118,0.116997178,64.20196629,688.47,7.12E-08,0.08,0.89,5.136157303,,,
78,Phyllospadix,Zosteraceae,Intertidal,143,8.064516129,0.022,0.079,0.057,0.017,Desiccation.profile,2.95642,0.100249126,7.141111111,20.977,4.14E-07,0.18,2.3,1.2854,,,
88,Phyllospadix,Zosteraceae,Intertidal,209,7.142857143,0.014,0.053,0.039,0.011,Desiccation.profile,5.73978,0.095716694,84.40852941,571.09,6.80E-08,0.08,0.85,6.752682353,,,
98,Phyllospadix,Zosteraceae,Intertidal,0,100,0.055,0.055,0,0.011,Desiccation.profile,3.45944,0.02870821,6.805902026,95.812,5.08E-07,0.13,3.91,0.885289764,,,
108,Phyllospadix,Zosteraceae,Intertidal,62,8.474576271,0.022,0.076,0.054,0.017,Desiccation.profile,7.17217,0.077573273,47.97438127,465.54,1.50E-07,1.92,0.08,91.803776,,,
Phyllospadix17,Phyllospadix,Zosteraceae,Intertidal,,0,,,,,Dry,6.85355,0.018386833,38.58980856,3831.5,1.78E-07,0.08,2.23,3.080247191,,,
Phyllospadix18,Phyllospadix,Zosteraceae,Intertidal,,0,,,,,Dry,3.51546,0.010837906,44.38712121,7237.4,7.92E-08,0.04,1.98,1.775484848,,,
Phyllospadix19,Phyllospadix,Zosteraceae,Intertidal,,0,,,,,Dry,3.10583,0.014148057,41.52179144,4875.8,7.48E-08,0.04,1.87,1.660871658,,,
Phyllospadix20,Phyllospadix,Zosteraceae,Intertidal,,0,,,,,Dry,3.75461,0.012038628,54.57281977,6278.5,6.88E-08,0.04,1.72,2.182912791,,,
Phyllospadix21,Phyllospadix,Zosteraceae,Intertidal,,0,,,,,Dry,3.79666,0.012999675,28.89391172,3737.3,1.31E-07,0.06,2.18,1.738928244,,,
Phyllospadix22,Phyllospadix,Zosteraceae,Intertidal,,0,,,,,Dry,3.78646,0.009568074,34.4157489,5201.8,1.10E-07,0.04,2.75,1.376894545,,,
Phyllospadix23,Phyllospadix,Zosteraceae,Intertidal,,0,,,,,Dry,1.67628,0.004375777,24.22369942,6623.6,6.92E-08,0.04,1.73,0.968947977,,,
Phyllospadix24,Phyllospadix,Zosteraceae,Intertidal,,0,,,,,Dry,6.77223,0.022260959,36.96632096,3530.1,1.83E-07,0.08,2.29,2.960537705,,,
Phyllospadix9,Phyllospadix,Zosteraceae,Intertidal,,75,,,,,Partial,7.32858,0.018184727,4.872726064,272.91,1.50E-06,0.4,3.75,1.954288,,,
Phyllospadix10,Phyllospadix,Zosteraceae,Intertidal,,75,,,,,Partial,4.21219,0.022421818,4.62878022,212.46,9.10E-07,0.25,3.64,1.157195055,,,
Phyllospadix11,Phyllospadix,Zosteraceae,Intertidal,,75,,,,,Partial,10.2094,0.028489455,7.660114046,288.12,1.33E-06,0.49,2.71,3.761357895,,,
Phyllospadix12,Phyllospadix,Zosteraceae,Intertidal,,75,,,,,Partial,7.91457,0.017584545,5.554084211,321.87,1.43E-06,0.5,2.86,2.767332168,,,
Phyllospadix13,Phyllospadix,Zosteraceae,Intertidal,,75,,,,,Partial,9.23409,0.025009333,6.706434745,273.58,1.38E-06,0.49,2.82,3.278771087,,,
Phyllospadix14,Phyllospadix,Zosteraceae,Intertidal,,75,,,,,Partial,9.90071,0.032135273,7.097283154,235.66,1.40E-06,0.45,3.11,3.182371071,,,
Phyllospadix15,Phyllospadix,Zosteraceae,Intertidal,,75,,,,,Partial,5.84877,0.020003273,5.253071672,267.15,1.11E-06,0.38,2.92,2.002281622,,,
Phyllospadix16,Phyllospadix,Zosteraceae,Intertidal,,75,,,,,Partial,5.29064,0.024252182,5.669960347,238.24,9.33E-07,0.31,3.01,1.757876099,,,
Phyllospadix1,Phyllospadix,Zosteraceae,Intertidal,,100,,,,,Wet,4.1351,0.020023818,8.073213588,391.14,5.12E-07,0.13,3.94,1.049927734,,,
Phyllospadix2,Phyllospadix,Zosteraceae,Intertidal,,100,,,,,Wet,2.57209,0.012723455,4.063333333,345.76,6.33E-07,0.15,4.22,0.6095,,,
Phyllospadix3,Phyllospadix,Zosteraceae,Intertidal,,100,,,,,Wet,4.5547,0.019397091,6.988951972,389.42,6.52E-07,0.19,3.43,1.327289877,,,
Phyllospadix4,Phyllospadix,Zosteraceae,Intertidal,,100,,,,,Wet,6.32725,0.026662,9.460601077,361.73,6.69E-07,0.19,3.52,1.796976831,,,
Phyllospadix5,Phyllospadix,Zosteraceae,Intertidal,,100,,,,,Wet,10.36049,0.023039818,9.914344498,448.32,1.05E-06,0.38,2.76,3.749510667,,,
Phyllospadix6,Phyllospadix,Zosteraceae,Intertidal,,100,,,,,Wet,6.85248,0.018181818,8.020224719,456.91,8.54E-07,0.32,2.67,2.567674005,,,
Phyllospadix7,Phyllospadix,Zosteraceae,Intertidal,,100,,,,,Wet,1.09476,0.005467273,1.877482422,368.2,5.83E-07,0.17,3.43,0.319226758,,,
Phyllospadix8,Phyllospadix,Zosteraceae,Intertidal,,100,,,,,Wet,2.79537,0.012134909,3.749155043,305.46,7.46E-07,0.16,4.66,0.599543164,,,
Pine,Pine,Embryophyta,Terrestrial,,wood,,,,,,,,11.03,11030,0,,,,,,
Pinus taeda,Pinus taeda,Embryophyta,Terrestrial,,wood,,,,,,,,18.69,1920,0,,,,,,
Pinus taeda,Pinus taeda,Embryophyta,Terrestrial,,wood,,,,,,,,34.21,3440,0,,,,,,
Pinus taeda,Pinus taeda,Embryophyta,Terrestrial,,wood,,,,,,,,25.01,2480,0,,,,,,
Pinus taeda,Pinus taeda,Embryophyta,Terrestrial,,wood,,,,,,,,33.47,5090,0,,,,,,
4,Postelsia,Giant Kelps,Intertidal,17,92.8200692,1.251,1.334,0.083,0.178,Desiccation.profile,10.97726,0.518821971,5.32437309,6.4995,2.06E-06,0.53,3.89,2.824246505,,,
5,Postelsia,Giant Kelps,Intertidal,32,87.34939759,1.013,1.139,0.126,0.143,Desiccation.profile,5.18032,0.412315485,1.543921557,1.7722,3.36E-06,0.89,3.78,1.372168095,,,
6,Postelsia,Giant Kelps,Intertidal,43,77.05882353,0.62,0.776,0.156,0.096,Desiccation.profile,5.15123,0.397802578,1.184109142,1.0022,4.35E-06,0.81,5.37,0.959194552,,,
56,Postelsia,Giant Kelps,Intertidal,157,50.85049239,0.729,1.278,0.549,0.161,Desiccation.profile,6.13335,0.603724222,1.836057476,0.9762,3.34E-06,0.85,3.93,1.560882485,,,
66,Postelsia,Giant Kelps,Intertidal,196,41.80138568,0.49,0.994,0.504,0.128,Desiccation.profile,8.99311,0.56140749,3.983482459,1.895,2.26E-06,0.83,2.72,3.302779336,,,
76,Postelsia,Giant Kelps,Intertidal,139,62.17142857,0.665,0.996,0.331,0.121,Desiccation.profile,5.04453,0.590270524,2.44228032,0.6978,2.07E-06,0.85,2.44,2.071425362,,,
86,Postelsia,Giant Kelps,Intertidal,204,48.36956522,0.568,1.043,0.475,0.123,Desiccation.profile,6.39649,0.632026195,4.492548111,1.3659,1.42E-06,0.63,2.25,2.837879366,,,
96,Postelsia,Giant Kelps,Intertidal,0,100,1.221,1.221,0,0.153,Desiccation.profile,6.98028,0.484245636,2.014510823,2.9594,3.47E-06,1.05,3.3,2.112188473,,,
106,Postelsia,Giant Kelps,Intertidal,62,79.54070981,0.908,1.104,0.196,0.146,Desiccation.profile,10.11306,0.537593455,1.847471684,1.266,5.47E-06,1.15,4.76,2.126146069,,,
219,Postelsia,Giant Kelps,Intertidal,98,65.48582996,0.8,1.141,0.341,0.153,Desiccation.profile,6.94253,0.513591085,4.150245098,1.8883,1.67E-06,0.51,3.27,2.120173832,,,
Postelsia9,Postelsia,Giant Kelps,Intertidal,,75,,,,,Partial,7.78841,0.329099091,1.628012124,5.0188,4.78E-06,1.15,4.16,1.873780649,,,
Postelsia10,Postelsia,Giant Kelps,Intertidal,,75,,,,,Partial,7.08728,0.467273273,1.429694182,2.9915,4.96E-06,1.53,3.24,2.186197258,,,
Postelsia11,Postelsia,Giant Kelps,Intertidal,,75,,,,,Partial,4.40325,0.333336182,2.114304235,6.0231,2.08E-06,0.78,2.67,1.65121875,,,
Postelsia12,Postelsia,Giant Kelps,Intertidal,,75,,,,,Partial,6.36042,0.308489636,1.088646983,3.1703,5.84E-06,1.23,4.75,1.339609007,,,
Postelsia13,Postelsia,Giant Kelps,Intertidal,,75,,,,,Partial,14.61039,0.494544545,2.730658817,7.4267,5.35E-06,1.45,3.69,3.959825327,,,
Postelsia14,Postelsia,Giant Kelps,Intertidal,,75,,,,,Partial,7.58567,0.457574727,2.110824498,4.4209,3.59E-06,0.99,3.63,2.09187,,,
Postelsia15,Postelsia,Giant Kelps,Intertidal,,75,,,,,Partial,6.25608,0.372115455,2.64650789,5.6045,2.36E-06,0.77,3.06,2.041178644,,,
Postelsia16,Postelsia,Giant Kelps,Intertidal,,75,,,,,Partial,6.94601,0.459408,2.51375579,3.9711,2.76E-06,0.88,3.14,2.214669855,,,
Postelsia1,Postelsia,Giant Kelps,Intertidal,,100,,,,,Wet,3.76838,0.396968,0.941765382,2.3635,4.00E-06,0.78,5.13,0.7348341,,,
Postelsia2,Postelsia,Giant Kelps,Intertidal,,100,,,,,Wet,8.42253,0.478181273,2.052873647,5.2134,4.10E-06,0.78,5.26,1.602334976,,,
Postelsia3,Postelsia,Giant Kelps,Intertidal,,100,,,,,Wet,4.86834,0.442423818,1.394220746,3.4537,3.49E-06,0.79,4.42,1.102002464,,,
Postelsia4,Postelsia,Giant Kelps,Intertidal,,100,,,,,Wet,4.23025,0.286070727,1.240433393,5.1161,3.41E-06,0.67,5.09,0.83116349,,,
Postelsia5,Postelsia,Giant Kelps,Intertidal,,100,,,,,Wet,4.89199,0.427281636,1.789185136,4.27,2.73E-06,0.63,4.33,1.128920769,,,
Postelsia6,Postelsia,Giant Kelps,Intertidal,,100,,,,,Wet,8.36149,0.499396727,1.684154447,3.9538,4.96E-06,1.07,4.64,1.803789173,,,
Postelsia7,Postelsia,Giant Kelps,Intertidal,,100,,,,,Wet,4.72486,0.430312545,1.356548952,3.6048,3.48E-06,0.86,4.05,1.167637816,,,
Postelsia8,Postelsia,Giant Kelps,Intertidal,,100,,,,,Wet,2.39473,0.166057455,0.494268318,2.9663,4.85E-06,1.14,4.25,0.56288499,,,
Prunus serrulata,Prunus serrulata,Embryophyta,Terrestrial,,leaf,,,,,,,,0.88,8.52,0,,,,,,
16,Pterygophora,Alariaceae,Subtidal,23,90.15777611,1.406,1.537,0.131,0.206,Desiccation.profile,12.83603,0.19589944,2.288062389,14.086,5.61E-06,1,5.61,2.288062389,,,
17,Pterygophora,Alariaceae,Subtidal,27,88.50855746,1.313,1.454,0.141,0.227,Desiccation.profile,11.64303,0.309764444,4.093892405,13.115,2.84E-06,0.79,3.59,3.238730176,,,
18,Pterygophora,Alariaceae,Subtidal,46,82.88569644,1.647,1.921,0.274,0.32,Desiccation.profile,16.69656,0.351854981,3.063588991,8.5074,5.45E-06,1,5.45,3.063588991,,,
60,Pterygophora,Alariaceae,Subtidal,166,47.84254353,0.841,1.53,0.689,0.209,Desiccation.profile,12.16676,0.383704589,6.841408007,11.055,1.78E-06,0.39,4.56,2.665750787,,,
70,Pterygophora,Alariaceae,Subtidal,194,53.9516129,0.889,1.46,0.571,0.22,Desiccation.profile,12.45143,0.388055019,7.951104725,10.907,1.57E-06,0.6,2.62,4.75850828,,,
80,Pterygophora,Alariaceae,Subtidal,144,58.90218156,1.118,1.702,0.584,0.281,Desiccation.profile,16.24019,0.441053346,3.412593246,4.2968,4.76E-06,0.87,5.47,2.968270021,,,
90,Pterygophora,Alariaceae,Subtidal,214,45.65984474,0.887,1.657,0.77,0.24,Desiccation.profile,15.52627,0.448929885,10.10561703,10.453,1.54E-06,0.46,3.35,4.637717013,,,
100,Pterygophora,Alariaceae,Subtidal,0,100,1.746,1.746,0,0.316,Desiccation.profile,12.16979,0.322422364,2.013199338,12.725,6.05E-06,0.93,6.51,1.87072805,,,
110,Pterygophora,Alariaceae,Subtidal,71,80.0511509,1.573,1.885,0.312,0.321,Desiccation.profile,12.37877,0.409232068,3.200716225,4.3689,3.87E-06,0.24,16.13,0.767675659,,,
212,Pterygophora,Alariaceae,Subtidal,100,66.64359862,1.192,1.674,0.482,0.229,Desiccation.profile,8.11195,0.523095522,4.221675774,2.558,1.92E-06,0.63,3.05,2.661733594,,,
Pterygophora17,Pterygophora,Alariaceae,Subtidal,,0,,,,,Dry,42.5831,0.017139362,51.3420545,4067.6,8.29E-07,0.22,3.77,11.30070205,,,
Pterygophora18,Pterygophora,Alariaceae,Subtidal,,0,,,,,Dry,48.6871,0.022668873,72.55901639,5543.3,6.71E-07,0.22,3.05,15.96298361,,,
Pterygophora19,Pterygophora,Alariaceae,Subtidal,,0,,,,,Dry,56.13512,0.021883074,112.9933977,7131,4.97E-07,0.18,2.76,20.33062696,,,
Pterygophora20,Pterygophora,Alariaceae,Subtidal,,0,,,,,Dry,52.39618,0.025192626,77.24632169,4466.7,6.78E-07,0.21,3.23,16.22890531,,,
Pterygophora21,Pterygophora,Alariaceae,Subtidal,,0,,,,,Dry,63.62896,0.022191727,83.07737303,6316.4,7.66E-07,0.23,3.33,19.10530131,,,
Pterygophora22,Pterygophora,Alariaceae,Subtidal,,0,,,,,Dry,60.6297,0.020389928,76.99009524,1533.4,7.88E-07,0.25,3.15,19.23531091,,,
Pterygophora23,Pterygophora,Alariaceae,Subtidal,,0,,,,,Dry,42.58662,0.019512249,73.93510417,7273.6,5.76E-07,0.2,2.88,14.78702083,,,
Pterygophora24,Pterygophora,Alariaceae,Subtidal,,0,,,,,Dry,47.28438,0.020363874,110.2714086,8366.8,4.29E-07,0.16,2.68,17.6352,,,
Pterygophora9,Pterygophora,Alariaceae,Subtidal,,75,,,,,Partial,13.76981,0.286061818,5.196939161,25.272,2.65E-06,0.96,2.76,4.988308528,,,
Pterygophora10,Pterygophora,Alariaceae,Subtidal,,75,,,,,Partial,15.0901,0.333942364,3.278176051,12.997,4.60E-06,0.84,5.48,2.755583478,,,
Pterygophora11,Pterygophora,Alariaceae,Subtidal,,75,,,,,Partial,17.09742,0.320006727,3.367357309,11.967,5.08E-06,1.06,4.79,3.56757189,,,
Pterygophora12,Pterygophora,Alariaceae,Subtidal,,75,,,,,Partial,11.49493,0.404247818,3.085059045,10.227,3.73E-06,0.92,4.05,2.835210617,,,
Pterygophora13,Pterygophora,Alariaceae,Subtidal,,75,,,,,Partial,11.90276,0.286674,2.299872474,11.957,5.18E-06,1.13,4.58,2.596548031,,,
Pterygophora14,Pterygophora,Alariaceae,Subtidal,,75,,,,,Partial,11.79984,0.178792727,2.200190189,15.923,5.36E-06,1.01,5.31,2.223477313,,,
Pterygophora15,Pterygophora,Alariaceae,Subtidal,,75,,,,,Partial,17.0109,0.373345455,3.03956044,14.1,5.60E-06,1.05,5.33,3.18954375,,,
Pterygophora16,Pterygophora,Alariaceae,Subtidal,,75,,,,,Partial,12.70956,0.210913091,4.01210935,23.132,3.17E-06,0.94,3.37,3.768765426,,,
Pterygophora1,Pterygophora,Alariaceae,Subtidal,,100,,,,,Wet,12.21292,0.324852909,2.281253736,15.352,5.35E-06,1.12,4.78,2.556723439,,,
Pterygophora2,Pterygophora,Alariaceae,Subtidal,,100,,,,,Wet,9.40201,0.4285,2.353444305,12.056,4.00E-06,0.94,4.26,2.20947235,,,
Pterygophora3,Pterygophora,Alariaceae,Subtidal,,100,,,,,Wet,11.61875,0.344252909,1.907840722,11.559,6.09E-06,1.05,5.8,2.003232759,,,
Pterygophora4,Pterygophora,Alariaceae,Subtidal,,100,,,,,Wet,13.31463,0.316378545,2.340005272,14.981,5.69E-06,1,5.69,2.340005272,,,
Pterygophora5,Pterygophora,Alariaceae,Subtidal,,100,,,,,Wet,14.64877,0.270908,2.425935678,18.648,6.04E-06,1.11,5.44,2.692075281,,,
Pterygophora6,Pterygophora,Alariaceae,Subtidal,,100,,,,,Wet,14.29385,0.158801455,2.081042716,19.707,6.87E-06,1.22,5.63,2.538354731,,,
Pterygophora7,Pterygophora,Alariaceae,Subtidal,,100,,,,,Wet,18.15653,0.347892909,3.388676745,19.486,5.36E-06,1.14,4.7,3.861650037,,,
Pterygophora8,Pterygophora,Alariaceae,Subtidal,,100,,,,,Wet,15.71991,0.304861636,2.626946408,15.946,5.98E-06,1.09,5.49,2.865334766,,,
"Redwood, dense structure","Redwood, dense structure",Embryophyta,Terrestrial,,wood,,,,,,,,11.7,8270,0,,,,,,
267,Sargassum,Fucales,Subtidal,0,100,0.279,0.279,0,0.042,Desiccation.profile,10.68463,0.172545083,6.298761456,45.948,1.70E-06,,,,,,
275,Sargassum,Fucales,Subtidal,89,32.60869565,0.131,0.286,0.155,0.056,Desiccation.profile,9.43571,0.228181443,26.77659331,179.69,3.52E-07,,,,,,
276,Sargassum,Fucales,Subtidal,59,47.98534799,0.195,0.337,0.142,0.064,Desiccation.profile,11.34576,0.232831461,23.15846411,122.44,4.90E-07,,,,,,
277,Sargassum,Fucales,Subtidal,15,82.71604938,0.258,0.3,0.042,0.057,Desiccation.profile,9.1358,0.234877681,7.819108965,39.727,1.17E-06,,,,,,
278,Sargassum,Fucales,Subtidal,181,6.392694064,0.059,0.264,0.205,0.045,Desiccation.profile,7.78632,0.073119355,41.31144932,1445.3,1.88E-07,,,,,,
279,Sargassum,Fucales,Subtidal,46,62.55319149,0.186,0.274,0.088,0.039,Desiccation.profile,8.20564,0.313778947,13.19662238,68.884,6.22E-07,,,,,,
280,Sargassum,Fucales,Subtidal,31,75.54179567,0.305,0.384,0.079,0.061,Desiccation.profile,8.15269,0.2072327,5.871215081,31.988,1.39E-06,,,,,,
281,Sargassum,Fucales,Subtidal,121,19.49152542,0.087,0.277,0.19,0.041,Desiccation.profile,6.27576,0.305457322,73.41229317,324.95,8.55E-08,,,,,,
282,Sargassum,Fucales,Subtidal,147,10.25641026,0.067,0.277,0.21,0.043,Desiccation.profile,10.07523,0.182609363,30.37795952,249.31,3.32E-07,,,,,,
Sargassum9,Sargassum,Fucales,Subtidal,,75,,,,,Partial,3.44349,0.150024195,1.037322932,2.87,3.32E-06,1.06,1.06,3.248575472,,,
Sargassum10,Sargassum,Fucales,Subtidal,,75,,,,,Partial,10.83986,0.272301708,2.697834053,9.85,4.02E-06,1.12,1.12,9.678446429,,,
Sargassum11,Sargassum,Fucales,Subtidal,,75,,,,,Partial,11.43639,0.325218162,3.79853821,17.47,3.01E-06,1.02,1.02,11.21214706,,,
Sargassum12,Sargassum,Fucales,Subtidal,,75,,,,,Partial,3.84458,0.215921488,2.162826492,7.61,1.78E-06,0.99,0.99,3.883414141,,,
Sargassum13,Sargassum,Fucales,Subtidal,,75,,,,,Partial,4.40234,0.260938894,6.354959869,19.542,6.93E-07,0.77,0.77,5.717324675,,,
Sargassum14,Sargassum,Fucales,Subtidal,,75,,,,,Partial,6.28895,0.204228022,3.5006239,26.51,1.80E-06,1.24,1.24,5.071733871,,,
Sargassum15,Sargassum,Fucales,Subtidal,,75,,,,,Partial,5.21887,0.274219372,1.665389623,4.51,3.13E-06,1.11,1.11,4.701684685,,,
Sargassum16,Sargassum,Fucales,Subtidal,,75,,,,,Partial,4.50119,0.29162579,0.970738324,1.84,4.64E-06,1.24,1.24,3.629991935,,,
Sargassum1,Sargassum,Fucales,Subtidal,,100,,,,,Wet,8.29585,0.282430909,8.577194857,50.018,9.67E-07,1.11,0.87,9.522640641,,,
Sargassum2,Sargassum,Fucales,Subtidal,,100,,,,,Wet,8.49025,0.097178511,4.681269518,69.408,1.81E-06,1.52,1.19,7.129933702,,,
Sargassum3,Sargassum,Fucales,Subtidal,,100,,,,,Wet,6.43232,0.272132,5.786341513,19.061,1.11E-06,1.19,0.93,6.895910631,,,
Sargassum4,Sargassum,Fucales,Subtidal,,100,,,,,Wet,5.77453,0.230319091,3.862680725,14.61,1.49E-06,1.38,1.08,5.348222416,,,
Sargassum5,Sargassum,Fucales,Subtidal,,100,,,,,Wet,6.51095,0.213346727,3.944924529,19.586,1.65E-06,1.45,1.14,5.721743939,,,
Sargassum6,Sargassum,Fucales,Subtidal,,100,,,,,Wet,5.40781,0.179404727,3.145055669,15.621,1.72E-06,1.48,1.16,4.65323186,,,
Sargassum7,Sargassum,Fucales,Subtidal,,100,,,,,Wet,11.89587,0.224857818,6.735099788,59.975,1.77E-06,1.5,1.18,10.08124576,,,
Sargassum8,Sargassum,Fucales,Subtidal,,100,,,,,Wet,13.21235,0.164248,6.828276647,85.463,1.93E-06,1.57,1.23,10.74787021,,,
201,Zostera,Zosteraceae,Subtidal,14,72.72727273,0.128,0.167,0.039,0.024,Desiccation.profile,3.52455,0.030629009,2.314823329,55.453,1.52E-06,0.23,6.61,0.533320066,,,
202,Zostera,Zosteraceae,Subtidal,29,39.04109589,0.087,0.176,0.089,0.03,Desiccation.profile,4.9079,0.068004372,3.307433115,43.573,1.48E-06,0.19,7.79,0.630068243,,,
203,Zostera,Zosteraceae,Subtidal,44,14.58333333,0.051,0.174,0.123,0.03,Desiccation.profile,3.08041,0.086980313,6.368430846,118.6,4.84E-07,0.07,6.91,0.445513843,,,
204,Zostera,Zosteraceae,Subtidal,60,7.627118644,0.031,0.14,0.109,0.022,Desiccation.profile,5.28191,0.09659106,12.22664352,209.28,4.32E-07,0.09,4.8,1.100397917,,,
205,Zostera,Zosteraceae,Subtidal,82,7.03125,0.033,0.152,0.119,0.024,Desiccation.profile,5.84911,0.083647318,13.79832508,317.63,4.24E-07,0.09,4.71,1.241556368,,,
206,Zostera,Zosteraceae,Subtidal,126,3.968253968,0.029,0.15,0.121,0.024,Desiccation.profile,1.87836,0.018536973,5.590357143,586.49,3.36E-07,0.07,4.8,0.391325,,,
207,Zostera,Zosteraceae,Subtidal,145,5.223880597,0.037,0.164,0.127,0.03,Desiccation.profile,2.74467,0.061433205,7.53616145,248.67,3.64E-07,0.06,6.07,0.452418132,,,
208,Zostera,Zosteraceae,Subtidal,163,3.47826087,0.029,0.14,0.111,0.025,Desiccation.profile,2.27855,0.062291246,5.996184211,237.64,3.80E-07,0.08,4.75,0.479694737,,,
210,Zostera,Zosteraceae,Subtidal,0,100,0.127,0.127,0,0.021,Desiccation.profile,3.22275,0.029464648,1.697971549,62.199,1.90E-06,0.32,5.94,0.542778947,,,
Zostera17,Zostera,Zosteraceae,Subtidal,,0,,,,,Dry,5.32855,0.013677005,18.38699103,1691.7,2.90E-07,0.06,4.83,1.102458621,,,
Zostera18,Zostera,Zosteraceae,Subtidal,,0,,,,,Dry,3.47415,0.006848598,13.31091954,1991.3,2.61E-07,0.06,4.35,0.798655172,,,
Zostera19,Zostera,Zosteraceae,Subtidal,,0,,,,,Dry,5.5178,0.012142259,20.390983,2148.4,2.71E-07,0.06,4.52,1.221653137,,,
Zostera20,Zostera,Zosteraceae,Subtidal,,0,,,,,Dry,2.21238,0.004782826,10.73970874,2298.2,2.06E-07,0.05,4.12,0.536985437,,,
Zostera21,Zostera,Zosteraceae,Subtidal,,0,,,,,Dry,3.34366,0.006775601,20.58903941,3086,1.62E-07,0.04,4.05,0.825595062,,,
Zostera22,Zostera,Zosteraceae,Subtidal,,0,,,,,Dry,4.12798,0.012376623,28.82667598,3337.2,1.43E-07,0.04,3.58,1.15467972,,,
Zostera23,Zostera,Zosteraceae,Subtidal,,0,,,,,Dry,5.31382,0.011163197,21.60089431,2643.4,2.46E-07,0.06,4.1,1.296053659,,,
Zostera24,Zostera,Zosteraceae,Subtidal,,0,,,,,Dry,2.44521,0.005487226,20.89923077,3901.4,1.17E-07,0.03,3.9,0.626976923,,,
Zostera9,Zostera,Zosteraceae,Subtidal,,75,,,,,Partial,1.01137,0.04254045,4.186134106,143.9,2.42E-07,0.08,3.03,0.33433719,,,
Zostera10,Zostera,Zosteraceae,Subtidal,,75,,,,,Partial,3.52395,0.059802842,2.739388993,85.413,1.29E-06,0.32,4.03,0.87415814,,,
Zostera11,Zostera,Zosteraceae,Subtidal,,75,,,,,Partial,0.70373,0.062388556,3.363910134,22.715,2.09E-07,0.04,5.23,0.134685167,,,
Zostera12,Zostera,Zosteraceae,Subtidal,,75,,,,,Partial,0.62306,0.029112132,2.551433251,74.745,2.44E-07,0.06,4.07,0.153211475,,,
Zostera13,Zostera,Zosteraceae,Subtidal,,75,,,,,Partial,5.1674,0.043717428,5.606987847,132.53,9.22E-07,0.07,13.17,0.392318872,,,
Zostera14,Zostera,Zosteraceae,Subtidal,,75,,,,,Partial,1.16207,0.051932998,3.066956981,42.591,3.79E-07,0.09,4.21,0.275953298,,,
Zostera15,Zostera,Zosteraceae,Subtidal,,75,,,,,Partial,2.31222,0.06266416,4.339752252,47.527,5.33E-07,0.09,5.92,0.390431144,,,
Zostera16,Zostera,Zosteraceae,Subtidal,,75,,,,,Partial,0.8051,0.03801254,4.107653061,132.5,1.96E-07,0.05,3.92,0.205382653,,,
Zostera1,Zostera,Zosteraceae,Subtidal,,100,,,,,Wet,6.04774,0.031526,2.832930485,97.832,2.13E-06,0.36,5.92,1.022153239,,,
Zostera2,Zostera,Zosteraceae,Subtidal,,100,,,,,Wet,3.62706,0.026668,2.158964286,85.153,1.68E-06,0.3,5.6,0.647689286,,,
Zostera3,Zostera,Zosteraceae,Subtidal,,100,,,,,Wet,3.93376,0.058788364,2.167360882,62.441,1.82E-06,0.33,5.52,0.713264176,,,
Zostera4,Zostera,Zosteraceae,Subtidal,,100,,,,,Wet,3.07073,0.072741818,2.436313869,59.82,1.26E-06,0.23,5.48,0.560530079,,,
Zostera5,Zostera,Zosteraceae,Subtidal,,100,,,,,Wet,5.3152,0.040009273,2.486992326,69.43,2.14E-06,0.39,5.49,0.968657944,,,
Zostera6,Zostera,Zosteraceae,Subtidal,,100,,,,,Wet,2.86728,0.052723818,2.48723109,98.937,1.15E-06,0.22,5.23,0.54852313,,,
Zostera7,Zostera,Zosteraceae,Subtidal,,100,,,,,Wet,3.14259,0.055751636,2.389438869,73.71,1.32E-06,0.24,5.5,0.57138,,,
Zostera8,Zostera,Zosteraceae,Subtidal,,100,,,,,Wet,4.68475,0.075166364,2.042887668,59.796,2.29E-06,0.42,5.45,0.85921179,,,